DistType,Story,MapSentenceIndex,PerturbationID,AnchorDistWordIndex,Distance,AtBoundary,EndDistance,N_K_Spans,DistWordIndex,OriginalWordIndex,DistWord,OriginalWord
CD,Story1,1,CD_Story1_s1_k18,18,0,0,2,1,18,18,"mountain,","current,"
CD,Story1,1,CD_Story1_s1_k18,18,1,0,2,1,19,19,nearly,nearly
CD,Story1,1,CD_Story1_s1_k18,18,2,1,2,1,20,20,drowning.,drowning.
CD,Story1,2,CD_Story1_s2_k26,26,0,0,8,1,26,26,spoon,tree
CD,Story1,2,CD_Story1_s2_k26,26,1,0,8,1,27,27,hanging,hanging
CD,Story1,2,CD_Story1_s2_k26,26,2,0,8,1,28,28,over,over
CD,Story1,2,CD_Story1_s2_k26,26,3,0,8,1,29,29,the,the
CD,Story1,2,CD_Story1_s2_k26,26,4,0,8,1,30,30,"water,","water,"
CD,Story1,2,CD_Story1_s2_k26,26,5,0,8,1,31,31,noticed,noticed
CD,Story1,2,CD_Story1_s2_k26,26,6,0,8,1,32,32,the,the
CD,Story1,2,CD_Story1_s2_k26,26,7,0,8,1,33,33,ant's,ant's
CD,Story1,2,CD_Story1_s2_k26,26,8,1,8,1,34,34,struggle.,struggle.
CD,Story1,4,CD_Story1_s4_k53,53,0,0,6,1,53,53,drop,leaf
CD,Story1,4,CD_Story1_s4_k53,53,1,0,6,1,54,54,and,and
CD,Story1,4,CD_Story1_s4_k53,53,2,0,6,1,55,55,floated,floated
CD,Story1,4,CD_Story1_s4_k53,53,3,0,6,1,56,56,safely,safely
CD,Story1,4,CD_Story1_s4_k53,53,4,0,6,1,57,57,back,back
CD,Story1,4,CD_Story1_s4_k53,53,5,0,6,1,58,58,to,to
CD,Story1,4,CD_Story1_s4_k53,53,6,1,6,1,59,59,shore.,shore.
CD,Story2,2,CD_Story2_s2_k35,35,0,0,4,1,35,35,"fingers,","donkeys,"
CD,Story2,2,CD_Story2_s2_k35,35,1,0,4,1,36,36,so,so
CD,Story2,2,CD_Story2_s2_k35,35,2,0,4,1,37,37,it,it
CD,Story2,2,CD_Story2_s2_k35,35,3,0,4,1,38,38,could,could
CD,Story2,2,CD_Story2_s2_k35,35,4,1,4,1,39,39,rest.,rest.
CD,Story2,3,CD_Story2_s3_k46,46,0,0,10,1,46,46,pillow,group
CD,Story2,3,CD_Story2_s3_k46,46,1,0,10,1,47,47,and,and
CD,Story2,3,CD_Story2_s3_k46,46,2,0,10,1,48,48,joined,joined
CD,Story2,3,CD_Story2_s3_k46,46,3,0,10,1,49,49,the,the
CD,Story2,3,CD_Story2_s3_k46,46,4,0,10,1,50,50,laziest,laziest
CD,Story2,3,CD_Story2_s3_k46,46,5,0,10,1,51,51,and,and
CD,Story2,3,CD_Story2_s3_k46,46,6,0,10,1,52,52,greediest,greediest
CD,Story2,3,CD_Story2_s3_k46,46,7,0,10,1,53,53,one,one
CD,Story2,3,CD_Story2_s3_k46,46,8,0,10,1,54,54,of,of
CD,Story2,3,CD_Story2_s3_k46,46,9,0,10,1,55,55,them,them
CD,Story2,3,CD_Story2_s3_k46,46,10,1,10,1,56,56,all.,all.
CD,Story2,4,CD_Story2_s4_k63,63,0,0,10,1,63,63,lock,halter
CD,Story2,4,CD_Story2_s4_k63,63,1,0,10,1,64,64,on,on
CD,Story2,4,CD_Story2_s4_k63,63,2,0,10,1,65,65,the,the
CD,Story2,4,CD_Story2_s4_k63,63,3,0,10,1,66,66,donkey,donkey
CD,Story2,4,CD_Story2_s4_k63,63,4,0,10,1,67,67,and,and
CD,Story2,4,CD_Story2_s4_k63,63,5,0,10,1,68,68,took,took
CD,Story2,4,CD_Story2_s4_k63,63,6,0,10,1,69,69,it,it
CD,Story2,4,CD_Story2_s4_k63,63,7,0,10,1,70,70,back,back
CD,Story2,4,CD_Story2_s4_k63,63,8,0,10,1,71,71,to,to
CD,Story2,4,CD_Story2_s4_k63,63,9,0,10,1,72,72,its,its
CD,Story2,4,CD_Story2_s4_k63,63,10,1,10,1,73,73,owner.,owner.
CD,Story3,3,CD_Story3_s3_k46,46,0,0,16,1,46,46,light,space
CD,Story3,3,CD_Story3_s3_k46,46,1,0,16,1,47,47,for,for
CD,Story3,3,CD_Story3_s3_k46,46,2,0,16,1,48,48,one,one
CD,Story3,3,CD_Story3_s3_k46,46,3,0,16,1,49,49,"person,","person,"
CD,Story3,3,CD_Story3_s3_k46,46,4,0,16,1,50,50,and,and
CD,Story3,3,CD_Story3_s3_k46,46,5,0,16,1,51,51,both,both
CD,Story3,3,CD_Story3_s3_k46,46,6,0,16,1,52,52,the,the
CD,Story3,3,CD_Story3_s3_k46,46,7,0,16,1,53,53,traveler,traveler
CD,Story3,3,CD_Story3_s3_k46,46,8,0,16,1,54,54,and,and
CD,Story3,3,CD_Story3_s3_k46,46,9,0,16,1,55,55,the,the
CD,Story3,3,CD_Story3_s3_k46,46,10,0,16,1,56,56,donkey's,donkey's
CD,Story3,4,CD_Story3_s4_k75,75,0,0,10,1,75,75,"answer,","shadow,"
CD,Story3,4,CD_Story3_s4_k75,75,1,0,10,1,76,76,speaking,speaking
CD,Story3,4,CD_Story3_s4_k75,75,2,0,10,1,77,77,in,in
CD,Story3,4,CD_Story3_s4_k75,75,3,0,10,1,78,78,a,a
CD,Story3,4,CD_Story3_s4_k75,75,4,0,10,1,79,79,tone,tone
CD,Story3,4,CD_Story3_s4_k75,75,5,0,10,1,80,80,that,that
CD,Story3,4,CD_Story3_s4_k75,75,6,0,10,1,81,81,suggested,suggested
CD,Story3,4,CD_Story3_s4_k75,75,7,0,10,1,82,82,he,he
CD,Story3,4,CD_Story3_s4_k75,75,8,0,10,1,83,83,was,was
CD,Story3,4,CD_Story3_s4_k75,75,9,0,10,1,84,84,entirely,entirely
CD,Story3,4,CD_Story3_s4_k75,75,10,1,10,1,85,85,serious.,serious.
CD,Story3,6,CD_Story3_s6_k114,114,0,0,7,1,114,114,"rumors,","chaos,"
CD,Story3,6,CD_Story3_s6_k114,114,1,0,7,1,115,115,the,the
CD,Story3,6,CD_Story3_s6_k114,114,2,0,7,1,116,116,donkey,donkey
CD,Story3,6,CD_Story3_s6_k114,114,3,0,7,1,117,117,took,took
CD,Story3,6,CD_Story3_s6_k114,114,4,0,7,1,118,118,off,off
CD,Story3,6,CD_Story3_s6_k114,114,5,0,7,1,119,119,and,and
CD,Story3,6,CD_Story3_s6_k114,114,6,0,7,1,120,120,ran,ran
CD,Story3,6,CD_Story3_s6_k114,114,7,1,7,1,121,121,away.,away.
CD,Story4,2,CD_Story4_s2_k49,49,0,0,5,1,49,48,"jar,","battle,"
CD,Story4,2,CD_Story4_s2_k49,49,1,0,5,1,50,49,while,while
CD,Story4,2,CD_Story4_s2_k49,49,2,0,5,1,51,50,the,the
CD,Story4,2,CD_Story4_s2_k49,49,3,0,5,1,52,51,donkey,donkey
CD,Story4,2,CD_Story4_s2_k49,49,4,0,5,1,53,52,stayed,stayed
CD,Story4,2,CD_Story4_s2_k49,49,5,1,5,1,54,53,behind.,behind.
CD,Story4,3,CD_Story4_s3_k65,65,0,0,1,1,65,64,"plate,","battlefield,"
CD,Story4,3,CD_Story4_s3_k65,65,1,1,1,1,66,65,tragically.,tragically.
CD,Story5,3,CD_Story5_s3_k43,43,0,0,13,1,43,42,expertise,respect
CD,Story5,3,CD_Story5_s3_k43,43,1,0,13,1,44,43,to,to
CD,Story5,3,CD_Story5_s3_k43,43,2,0,13,1,45,44,"him,","him,"
CD,Story5,3,CD_Story5_s3_k43,43,3,0,13,1,46,45,became,became
CD,Story5,3,CD_Story5_s3_k43,43,4,0,13,1,47,46,"proud,","proud,"
CD,Story5,3,CD_Story5_s3_k43,43,5,0,13,1,48,47,puffed,puffed
CD,Story5,3,CD_Story5_s3_k43,43,6,0,13,1,49,48,himself,himself
CD,Story5,3,CD_Story5_s3_k43,43,7,0,13,1,50,49,"up,","up,"
CD,Story5,3,CD_Story5_s3_k43,43,8,0,13,1,51,50,and,and
CD,Story5,3,CD_Story5_s3_k43,43,9,0,13,1,52,51,refused,refused
CD,Story5,3,CD_Story5_s3_k43,43,10,0,13,1,53,52,to,to
CD,Story5,4,CD_Story5_s4_k67,67,0,0,5,1,67,66,memory,whip
CD,Story5,4,CD_Story5_s4_k67,67,1,0,5,1,68,67,and,and
CD,Story5,4,CD_Story5_s4_k67,67,2,0,5,1,69,68,"said,","said,"
CD,Story5,4,CD_Story5_s4_k67,67,3,0,5,1,70,69,"""You","""You"
CD,Story5,4,CD_Story5_s4_k67,67,4,0,5,1,71,70,foolish,foolish
CD,Story5,4,CD_Story5_s4_k67,67,5,1,5,1,72,71,animal!,animal!
CD,Story6,2,CD_Story6_s2_k23,23,0,0,7,2,23,23,"hand,","wig,"
CD,Story6,2,CD_Story6_s2_k23,23,1,0,7,2,24,24,causing,causing
CD,Story6,2,CD_Story6_s2_k23,23,2,0,7,2,25,25,his,his
CD,Story6,2,CD_Story6_s2_k23,23,3,0,7,2,26,26,companions,companions
CD,Story6,2,CD_Story6_s2_k23,23,4,0,7,2,27,27,to,to
CD,Story6,2,CD_Story6_s2_k23,23,5,0,7,2,28,28,burst,burst
CD,Story6,2,CD_Story6_s2_k23,23,6,0,7,2,29,29,into,into
CD,Story6,2,CD_Story6_s2_k23,23,7,1,7,2,30,30,laughter.,laughter.
CD,Story6,3,CD_Story6_s3_k61,61,0,0,4,1,61,61,pocket,head
CD,Story6,3,CD_Story6_s3_k61,61,1,0,4,1,62,62,they,they
CD,Story6,3,CD_Story6_s3_k61,61,2,0,4,1,63,63,originally,originally
CD,Story6,3,CD_Story6_s3_k61,61,3,0,4,1,64,64,belonged,belonged
CD,Story6,3,CD_Story6_s3_k61,61,4,1,4,1,65,65,"to?""","to?"""
CD,Story7,2,CD_Story7_s2_k24,24,0,0,6,1,24,24,feather,slap
CD,Story7,2,CD_Story7_s2_k24,24,1,0,6,1,25,25,but,but
CD,Story7,2,CD_Story7_s2_k24,24,2,0,6,1,26,26,ended,ended
CD,Story7,2,CD_Story7_s2_k24,24,3,0,6,1,27,27,up,up
CD,Story7,2,CD_Story7_s2_k24,24,4,0,6,1,28,28,hitting,hitting
CD,Story7,2,CD_Story7_s2_k24,24,5,0,6,1,29,29,himself,himself
CD,Story7,2,CD_Story7_s2_k24,24,6,1,6,1,30,30,instead.,instead.
CD,Story7,3,CD_Story7_s3_k42,42,0,0,29,1,42,42,notes,revenge
CD,Story7,3,CD_Story7_s3_k42,42,1,0,29,1,43,43,on,on
CD,Story7,3,CD_Story7_s3_k42,42,2,0,29,1,44,44,a,a
CD,Story7,3,CD_Story7_s3_k42,42,3,0,29,1,45,45,tiny,tiny
CD,Story7,3,CD_Story7_s3_k42,42,4,0,29,1,46,46,insect,insect
CD,Story7,3,CD_Story7_s3_k42,42,5,0,29,1,47,47,like,like
CD,Story7,3,CD_Story7_s3_k42,42,6,0,29,1,48,48,"me,","me,"
CD,Story7,3,CD_Story7_s3_k42,42,7,0,29,1,49,49,and,and
CD,Story7,3,CD_Story7_s3_k42,42,8,0,29,1,50,50,look—you’ve,look—you’ve
CD,Story7,3,CD_Story7_s3_k42,42,9,0,29,1,51,51,only,only
CD,Story7,3,CD_Story7_s3_k42,42,10,0,29,1,52,52,hurt,hurt
CD,Story7,4,CD_Story7_s4_k81,81,0,0,14,1,81,81,"dreams,","people,"
CD,Story7,4,CD_Story7_s4_k81,81,1,0,14,1,82,82,I,I
CD,Story7,4,CD_Story7_s4_k81,81,2,0,14,1,83,83,wish,wish
CD,Story7,4,CD_Story7_s4_k81,81,3,0,14,1,84,84,I,I
CD,Story7,4,CD_Story7_s4_k81,81,4,0,14,1,85,85,could,could
CD,Story7,4,CD_Story7_s4_k81,81,5,0,14,1,86,86,have,have
CD,Story7,4,CD_Story7_s4_k81,81,6,0,14,1,87,87,killed,killed
CD,Story7,4,CD_Story7_s4_k81,81,7,0,14,1,88,88,"you,","you,"
CD,Story7,4,CD_Story7_s4_k81,81,8,0,14,1,89,89,even,even
CD,Story7,4,CD_Story7_s4_k81,81,9,0,14,1,90,90,if,if
CD,Story7,4,CD_Story7_s4_k81,81,10,0,14,1,91,91,it,it
CD,Story8,2,CD_Story8_s2_k23,23,0,0,2,1,23,23,page,side
CD,Story8,2,CD_Story8_s2_k23,23,1,0,2,1,24,24,to,to
CD,Story8,2,CD_Story8_s2_k23,23,2,1,2,1,25,25,join.,join.
CD,Story8,3,CD_Story8_s3_k62,62,0,0,1,1,62,62,leakage,battle
CD,Story8,3,CD_Story8_s3_k62,62,1,1,1,1,63,63,occurred.,occurred.
CD,Story8,6,CD_Story8_s6_k95,95,0,0,19,1,95,95,"sneeze,","situation,"
CD,Story8,6,CD_Story8_s6_k95,95,1,0,19,1,96,96,the,the
CD,Story8,6,CD_Story8_s6_k95,95,2,0,19,1,97,97,Bat,Bat
CD,Story8,6,CD_Story8_s6_k95,95,3,0,19,1,98,98,"said,","said,"
CD,Story8,6,CD_Story8_s6_k95,95,4,0,19,1,99,99,“Now,“Now
CD,Story8,6,CD_Story8_s6_k95,95,5,0,19,1,100,100,I,I
CD,Story8,6,CD_Story8_s6_k95,95,6,0,19,1,101,101,understand:,understand:
CD,Story8,6,CD_Story8_s6_k95,95,7,0,19,1,102,102,‘One,‘One
CD,Story8,6,CD_Story8_s6_k95,95,8,0,19,1,103,103,who,who
CD,Story8,6,CD_Story8_s6_k95,95,9,0,19,1,104,104,tries,tries
CD,Story8,6,CD_Story8_s6_k95,95,10,0,19,1,105,105,to,to
CD,Story9,2,CD_Story9_s2_k25,25,0,0,5,1,25,25,"whispers,","branches,"
CD,Story9,2,CD_Story9_s2_k25,25,1,0,5,1,26,26,leaving,leaving
CD,Story9,2,CD_Story9_s2_k25,25,2,0,5,1,27,27,the,the
CD,Story9,2,CD_Story9_s2_k25,25,3,0,5,1,28,28,other,other
CD,Story9,2,CD_Story9_s2_k25,25,4,0,5,1,29,29,man,man
CD,Story9,2,CD_Story9_s2_k25,25,5,1,5,1,30,30,behind.,behind.
CD,Story9,5,CD_Story9_s5_k52,52,0,0,14,1,52,52,"future,","breath,"
CD,Story9,5,CD_Story9_s5_k52,52,1,0,14,1,53,53,the,the
CD,Story9,5,CD_Story9_s5_k52,52,2,0,14,1,54,54,man,man
CD,Story9,5,CD_Story9_s5_k52,52,3,0,14,1,55,55,pretended,pretended
CD,Story9,5,CD_Story9_s5_k52,52,4,0,14,1,56,56,to,to
CD,Story9,5,CD_Story9_s5_k52,52,5,0,14,1,57,57,be,be
CD,Story9,5,CD_Story9_s5_k52,52,6,0,14,1,58,58,"dead,","dead,"
CD,Story9,5,CD_Story9_s5_k52,52,7,0,14,1,59,59,knowing,knowing
CD,Story9,5,CD_Story9_s5_k52,52,8,0,14,1,60,60,that,that
CD,Story9,5,CD_Story9_s5_k52,52,9,0,14,1,61,61,bears,bears
CD,Story9,5,CD_Story9_s5_k52,52,10,0,14,1,62,62,are,are
CD,Story9,8,CD_Story9_s8_k116,116,0,0,3,1,116,116,"prayer,","danger,"
CD,Story9,8,CD_Story9_s8_k116,116,1,0,3,1,117,117,especially,especially
CD,Story9,8,CD_Story9_s8_k116,116,2,0,3,1,118,118,without,without
CD,Story9,8,CD_Story9_s8_k116,116,3,1,3,1,119,119,hesitation.”,hesitation.”
CD,Story10,3,CD_Story10_s3_k65,65,0,0,4,2,65,65,compliment,request
CD,Story10,3,CD_Story10_s3_k65,65,1,0,4,2,66,66,but,but
CD,Story10,3,CD_Story10_s3_k65,65,2,0,4,2,67,67,honored,honored
CD,Story10,3,CD_Story10_s3_k65,65,3,0,4,2,68,68,his,his
CD,Story10,3,CD_Story10_s3_k65,65,4,1,4,2,69,69,promise.,promise.
CD,Story10,5,CD_Story10_s5_k94,94,0,0,9,1,94,94,city,wound
CD,Story10,5,CD_Story10_s5_k94,94,1,0,9,1,95,95,you,you
CD,Story10,5,CD_Story10_s5_k94,94,2,0,9,1,96,96,"inflict,","inflict,"
CD,Story10,5,CD_Story10_s5_k94,94,3,0,9,1,97,97,and,and
CD,Story10,5,CD_Story10_s5_k94,94,4,0,9,1,98,98,you,you
CD,Story10,5,CD_Story10_s5_k94,94,5,0,9,1,99,99,will,will
CD,Story10,5,CD_Story10_s5_k94,94,6,0,9,1,100,100,die,die
CD,Story10,5,CD_Story10_s5_k94,94,7,0,9,1,101,101,because,because
CD,Story10,5,CD_Story10_s5_k94,94,8,0,9,1,102,102,of,of
CD,Story10,5,CD_Story10_s5_k94,94,9,1,9,1,103,103,it.”,it.”
CD,Story11,2,CD_Story11_s2_k22,22,0,0,2,1,22,22,dreams,food
CD,Story11,2,CD_Story11_s2_k22,22,1,0,2,1,23,23,left,left
CD,Story11,2,CD_Story11_s2_k22,22,2,1,2,1,24,24,over.,over.
CD,Story11,4,CD_Story11_s4_k64,64,0,0,3,1,64,64,"wall,","window,"
CD,Story11,4,CD_Story11_s4_k64,64,1,0,3,1,65,65,with,with
CD,Story11,4,CD_Story11_s4_k64,64,2,0,3,1,66,66,no,no
CD,Story11,4,CD_Story11_s4_k64,64,3,1,3,1,67,67,hesitation.,hesitation.
CD,Story11,7,CD_Story11_s7_k100,100,0,0,5,1,100,100,light,wine
CD,Story11,7,CD_Story11_s7_k100,100,1,0,5,1,101,101,that,that
CD,Story11,7,CD_Story11_s7_k100,100,2,0,5,1,102,102,I,I
CD,Story11,7,CD_Story11_s7_k100,100,3,0,5,1,103,103,don’t,don’t
CD,Story11,7,CD_Story11_s7_k100,100,4,0,5,1,104,104,remember,remember
CD,Story11,7,CD_Story11_s7_k100,100,5,1,5,1,105,105,anything.,anything.
CD,Story12,2,CD_Story12_s2_k33,33,0,0,2,1,33,33,curtain,jar
CD,Story12,2,CD_Story12_s2_k33,33,1,0,2,1,34,34,trapped,trapped
CD,Story12,2,CD_Story12_s2_k33,33,2,1,2,1,35,35,him.,him.
CD,Story12,3,CD_Story12_s3_k48,48,0,0,6,1,48,48,"paw,","hand,"
CD,Story12,3,CD_Story12_s3_k48,48,1,0,6,1,49,49,he,he
CD,Story12,3,CD_Story12_s3_k48,48,2,0,6,1,50,50,started,started
CD,Story12,3,CD_Story12_s3_k48,48,3,0,6,1,51,51,to,to
CD,Story12,3,CD_Story12_s3_k48,48,4,0,6,1,52,52,cry,cry
CD,Story12,3,CD_Story12_s3_k48,48,5,0,6,1,53,53,in,in
CD,Story12,3,CD_Story12_s3_k48,48,6,1,6,1,54,54,frustration.,frustration.
CD,Story13,2,CD_Story13_s2_k50,50,0,0,6,2,50,50,"truth,","bundle,"
CD,Story13,2,CD_Story13_s2_k50,50,1,0,6,2,51,51,no,no
CD,Story13,2,CD_Story13_s2_k50,50,2,0,6,2,52,52,matter,matter
CD,Story13,2,CD_Story13_s2_k50,50,3,0,6,2,53,53,how,how
CD,Story13,2,CD_Story13_s2_k50,50,4,0,6,2,54,54,hard,hard
CD,Story13,2,CD_Story13_s2_k50,50,5,0,6,2,55,55,he,he
CD,Story13,2,CD_Story13_s2_k50,50,6,1,6,2,56,56,tried.,tried.
CD,Story13,4,CD_Story13_s4_k73,73,0,0,22,1,73,73,wind,bundle
CD,Story13,4,CD_Story13_s4_k73,73,1,0,22,1,74,74,and,and
CD,Story13,4,CD_Story13_s4_k73,73,2,0,22,1,75,75,take,take
CD,Story13,4,CD_Story13_s4_k73,73,3,0,22,1,76,76,a,a
CD,Story13,4,CD_Story13_s4_k73,73,4,0,22,1,77,77,stick,stick
CD,Story13,4,CD_Story13_s4_k73,73,5,0,22,1,78,78,"each.""","each."""
CD,Story13,4,CD_Story13_s4_k73,73,6,0,22,1,79,79,Once,Once
CD,Story13,4,CD_Story13_s4_k73,73,7,0,22,1,80,80,they,they
CD,Story13,4,CD_Story13_s4_k73,73,8,0,22,1,81,81,had,had
CD,Story13,4,CD_Story13_s4_k73,73,9,0,22,1,82,82,done,done
CD,Story13,4,CD_Story13_s4_k73,73,10,0,22,1,83,83,"so,","so,"
CD,Story14,2,CD_Story14_s2_k54,54,0,0,3,2,54,54,"work,","night,"
CD,Story14,2,CD_Story14_s2_k54,54,1,0,3,2,55,55,with,with
CD,Story14,2,CD_Story14_s2_k54,54,2,0,3,2,56,56,genuine,genuine
CD,Story14,2,CD_Story14_s2_k54,54,3,1,3,2,57,57,curiosity.,curiosity.
CD,Story14,4,CD_Story14_s4_k79,79,0,0,3,1,79,79,"eggs,","nets,"
CD,Story14,4,CD_Story14_s4_k79,79,1,0,3,1,80,80,and,and
CD,Story14,4,CD_Story14_s4_k79,79,2,0,3,1,81,81,caught,caught
CD,Story14,4,CD_Story14_s4_k79,79,3,1,3,1,82,82,me.,me.
CD,Story15,1,CD_Story15_s1_k14,14,0,0,4,1,14,14,success,size
CD,Story15,1,CD_Story15_s1_k14,14,1,0,4,1,15,15,that,that
CD,Story15,1,CD_Story15_s1_k14,14,2,0,4,1,16,16,they,they
CD,Story15,1,CD_Story15_s1_k14,14,3,0,4,1,17,17,ran,ran
CD,Story15,1,CD_Story15_s1_k14,14,4,1,4,1,18,18,away.,away.
CD,Story15,2,CD_Story15_s2_k29,29,0,0,7,1,29,29,"shadow,","nature,"
CD,Story15,2,CD_Story15_s2_k29,29,1,0,7,1,30,30,they,they
CD,Story15,2,CD_Story15_s2_k29,29,2,0,7,1,31,31,gained,gained
CD,Story15,2,CD_Story15_s2_k29,29,3,0,7,1,32,32,enough,enough
CD,Story15,2,CD_Story15_s2_k29,29,4,0,7,1,33,33,confidence,confidence
CD,Story15,2,CD_Story15_s2_k29,29,5,0,7,1,34,34,to,to
CD,Story15,2,CD_Story15_s2_k29,29,6,0,7,1,35,35,approach,approach
CD,Story15,2,CD_Story15_s2_k29,29,7,1,7,1,36,36,it.,it.
CD,Story16,2,CD_Story16_s2_k34,34,0,0,4,1,34,34,"emotions,","water,"
CD,Story16,2,CD_Story16_s2_k34,34,1,0,4,1,35,35,which,which
CD,Story16,2,CD_Story16_s2_k34,34,2,0,4,1,36,36,he,he
CD,Story16,2,CD_Story16_s2_k34,34,3,0,4,1,37,37,couldn’t,couldn’t
CD,Story16,2,CD_Story16_s2_k34,34,4,1,4,1,38,38,reach.,reach.
CD,Story16,4,CD_Story16_s4_k79,79,0,0,10,1,79,79,"lips,","beak,"
CD,Story16,4,CD_Story16_s4_k79,79,1,0,10,1,80,80,raising,raising
CD,Story16,4,CD_Story16_s4_k79,79,2,0,10,1,81,81,the,the
CD,Story16,4,CD_Story16_s4_k79,79,3,0,10,1,82,82,water,water
CD,Story16,4,CD_Story16_s4_k79,79,4,0,10,1,83,83,level,level
CD,Story16,4,CD_Story16_s4_k79,79,5,0,10,1,84,84,within,within
CD,Story16,4,CD_Story16_s4_k79,79,6,0,10,1,85,85,reach,reach
CD,Story16,4,CD_Story16_s4_k79,79,7,0,10,1,86,86,and,and
CD,Story16,4,CD_Story16_s4_k79,79,8,0,10,1,87,87,saving,saving
CD,Story16,4,CD_Story16_s4_k79,79,9,0,10,1,88,88,his,his
CD,Story16,4,CD_Story16_s4_k79,79,10,1,10,1,89,89,life.,life.
CD,Story17,2,CD_Story17_s2_k36,36,0,0,3,1,36,36,"blinking,","sleeping,"
CD,Story17,2,CD_Story17_s2_k36,36,1,0,3,1,37,37,with,with
CD,Story17,2,CD_Story17_s2_k36,36,2,0,3,1,38,38,feigned,feigned
CD,Story17,2,CD_Story17_s2_k36,36,3,1,3,1,39,39,indignation.,indignation.
CD,Story17,3,CD_Story17_s3_k58,58,0,0,6,1,58,58,"past,","work,"
CD,Story17,3,CD_Story17_s3_k58,58,1,0,6,1,59,59,with,with
CD,Story17,3,CD_Story17_s3_k58,58,2,0,6,1,60,60,a,a
CD,Story17,3,CD_Story17_s3_k58,58,3,0,6,1,61,61,tone,tone
CD,Story17,3,CD_Story17_s3_k58,58,4,0,6,1,62,62,of,of
CD,Story17,3,CD_Story17_s3_k58,58,5,0,6,1,63,63,quiet,quiet
CD,Story17,3,CD_Story17_s3_k58,58,6,1,6,1,64,64,pride.,pride.
CD,Story18,3,CD_Story18_s3_k33,33,0,0,5,1,33,33,mirrors,holes
CD,Story18,3,CD_Story18_s3_k33,33,1,0,5,1,34,34,and,and
CD,Story18,3,CD_Story18_s3_k33,33,2,0,5,1,35,35,refused,refused
CD,Story18,3,CD_Story18_s3_k33,33,3,0,5,1,36,36,to,to
CD,Story18,3,CD_Story18_s3_k33,33,4,0,5,1,37,37,come,come
CD,Story18,3,CD_Story18_s3_k33,33,5,1,5,1,38,38,out.,out.
CD,Story18,5,CD_Story18_s5_k58,58,0,0,9,1,58,58,"thought,","peg,"
CD,Story18,5,CD_Story18_s5_k58,58,1,0,9,1,59,59,hung,hung
CD,Story18,5,CD_Story18_s5_k58,58,2,0,9,1,60,60,herself,herself
CD,Story18,5,CD_Story18_s5_k58,58,3,0,9,1,61,61,from,from
CD,Story18,5,CD_Story18_s5_k58,58,4,0,9,1,62,62,"it,","it,"
CD,Story18,5,CD_Story18_s5_k58,58,5,0,9,1,63,63,and,and
CD,Story18,5,CD_Story18_s5_k58,58,6,0,9,1,64,64,pretended,pretended
CD,Story18,5,CD_Story18_s5_k58,58,7,0,9,1,65,65,to,to
CD,Story18,5,CD_Story18_s5_k58,58,8,0,9,1,66,66,be,be
CD,Story18,5,CD_Story18_s5_k58,58,9,1,9,1,67,67,dead.,dead.
CD,Story18,6,CD_Story18_s6_k89,89,0,0,6,1,89,89,"air,","grain,"
CD,Story18,6,CD_Story18_s6_k89,89,1,0,6,1,90,90,we,we
CD,Story18,6,CD_Story18_s6_k89,89,2,0,6,1,91,91,still,still
CD,Story18,6,CD_Story18_s6_k89,89,3,0,6,1,92,92,wouldn’t,wouldn’t
CD,Story18,6,CD_Story18_s6_k89,89,4,0,6,1,93,93,come,come
CD,Story18,6,CD_Story18_s6_k89,89,5,0,6,1,94,94,near,near
CD,Story18,6,CD_Story18_s6_k89,89,6,1,6,1,95,95,you.”,you.”
CD,Story19,1,CD_Story19_s1_k23,23,0,0,4,1,23,23,"peace,","battle,"
CD,Story19,1,CD_Story19_s1_k23,23,1,0,4,1,24,24,with,with
CD,Story19,1,CD_Story19_s1_k23,23,2,0,4,1,25,25,a,a
CD,Story19,1,CD_Story19_s1_k23,23,3,0,4,1,26,26,heavy,heavy
CD,Story19,1,CD_Story19_s1_k23,23,4,1,4,1,27,27,heart.,heart.
CD,Story19,2,CD_Story19_s2_k68,68,0,0,4,2,68,68,bridge,groom
CD,Story19,2,CD_Story19_s2_k68,68,1,0,4,2,69,69,to,to
CD,Story19,2,CD_Story19_s2_k68,68,2,0,4,2,70,70,care,care
CD,Story19,2,CD_Story19_s2_k68,68,3,0,4,2,71,71,for,for
CD,Story19,2,CD_Story19_s2_k68,68,4,1,4,2,72,72,me.,me.
CD,Story20,3,CD_Story20_s3_k35,35,0,0,3,1,35,35,"sky,","straw,"
CD,Story20,3,CD_Story20_s3_k35,35,1,0,3,1,36,36,with,with
CD,Story20,3,CD_Story20_s3_k35,35,2,0,3,1,37,37,great,great
CD,Story20,3,CD_Story20_s3_k35,35,3,1,3,1,38,38,excitement.,excitement.
CD,Story20,5,CD_Story20_s5_k77,77,0,0,6,1,77,77,time,barley
CD,Story20,5,CD_Story20_s5_k77,77,1,0,6,1,78,78,than,than
CD,Story20,5,CD_Story20_s5_k77,77,2,0,6,1,79,79,a,a
CD,Story20,5,CD_Story20_s5_k77,77,3,0,6,1,80,80,whole,whole
CD,Story20,5,CD_Story20_s5_k77,77,4,0,6,1,81,81,pile,pile
CD,Story20,5,CD_Story20_s5_k77,77,5,0,6,1,82,82,of,of
CD,Story20,5,CD_Story20_s5_k77,77,6,1,6,1,83,83,"pearls.""","pearls."""
CD,Story21,2,CD_Story21_s2_k31,31,0,0,2,1,31,31,"blanket,","arrow,"
CD,Story21,2,CD_Story21_s2_k31,31,1,0,2,1,32,32,without,without
CD,Story21,2,CD_Story21_s2_k31,31,2,1,2,1,33,33,mercy.,mercy.
CD,Story21,3,CD_Story21_s3_k47,47,0,0,10,1,47,47,reflection,heart
CD,Story21,3,CD_Story21_s3_k47,47,1,0,10,1,48,48,and,and
CD,Story21,3,CD_Story21_s3_k47,47,2,0,10,1,49,49,noticed,noticed
CD,Story21,3,CD_Story21_s3_k47,47,3,0,10,1,50,50,that,that
CD,Story21,3,CD_Story21_s3_k47,47,4,0,10,1,51,51,its,its
CD,Story21,3,CD_Story21_s3_k47,47,5,0,10,1,52,52,feathers,feathers
CD,Story21,3,CD_Story21_s3_k47,47,6,0,10,1,53,53,came,came
CD,Story21,3,CD_Story21_s3_k47,47,7,0,10,1,54,54,from,from
CD,Story21,3,CD_Story21_s3_k47,47,8,0,10,1,55,55,his,his
CD,Story21,3,CD_Story21_s3_k47,47,9,0,10,1,56,56,own,own
CD,Story21,3,CD_Story21_s3_k47,47,10,1,10,1,57,57,wings.,wings.
RD,Story1,2,RD_Story1_s2_k32,32,0,0,2,1,32,32,an,the
RD,Story1,2,RD_Story1_s2_k32,32,1,0,2,1,33,33,ant's,ant's
RD,Story1,2,RD_Story1_s2_k32,32,2,1,2,1,34,34,struggle.,struggle.
RD,Story1,3,RD_Story1_s3_k36,36,0,0,11,1,36,36,another,a
RD,Story1,3,RD_Story1_s3_k36,36,1,0,11,1,37,37,"leaf,","leaf,"
RD,Story1,3,RD_Story1_s3_k36,36,2,0,11,1,38,38,the,the
RD,Story1,3,RD_Story1_s3_k36,36,3,0,11,1,39,39,dove,dove
RD,Story1,3,RD_Story1_s3_k36,36,4,0,11,1,40,40,dropped,dropped
RD,Story1,3,RD_Story1_s3_k36,36,5,0,11,1,41,41,it,it
RD,Story1,3,RD_Story1_s3_k36,36,6,0,11,1,42,42,into,into
RD,Story1,3,RD_Story1_s3_k36,36,7,0,11,1,43,43,the,the
RD,Story1,3,RD_Story1_s3_k36,36,8,0,11,1,44,44,stream,stream
RD,Story1,3,RD_Story1_s3_k36,36,9,0,11,1,45,45,near,near
RD,Story1,3,RD_Story1_s3_k36,36,10,0,11,1,46,46,the,the
RD,Story1,5,RD_Story1_s5_k73,73,0,0,1,1,73,73,a,the
RD,Story1,5,RD_Story1_s5_k73,73,1,1,1,1,74,74,dove.,dove.
RD,Story1,6,RD_Story1_s6_k80,80,0,0,2,1,80,80,a,the
RD,Story1,6,RD_Story1_s6_k80,80,1,0,2,1,81,81,birdcatcher’s,birdcatcher’s
RD,Story1,6,RD_Story1_s6_k80,80,2,1,2,1,82,82,foot.,foot.
RD,Story1,7,RD_Story1_s7_k87,87,0,0,16,1,87,87,it,he
RD,Story1,7,RD_Story1_s7_k87,87,1,0,16,1,88,88,dropped,dropped
RD,Story1,7,RD_Story1_s7_k87,87,2,0,16,1,89,89,the,the
RD,Story1,7,RD_Story1_s7_k87,87,3,0,16,1,90,90,"twigs,","twigs,"
RD,Story1,7,RD_Story1_s7_k87,87,4,0,16,1,91,91,making,making
RD,Story1,7,RD_Story1_s7_k87,87,5,0,16,1,92,92,a,a
RD,Story1,7,RD_Story1_s7_k87,87,6,0,16,1,93,93,noise,noise
RD,Story1,7,RD_Story1_s7_k87,87,7,0,16,1,94,94,that,that
RD,Story1,7,RD_Story1_s7_k87,87,8,0,16,1,95,95,alerted,alerted
RD,Story1,7,RD_Story1_s7_k87,87,9,0,16,1,96,96,the,the
RD,Story1,7,RD_Story1_s7_k87,87,10,0,16,1,97,97,"dove,","dove,"
RD,Story2,2,RD_Story2_s2_k28,28,0,0,11,1,28,28,them,it
RD,Story2,2,RD_Story2_s2_k28,28,1,0,11,1,29,29,in,in
RD,Story2,2,RD_Story2_s2_k28,28,2,0,11,1,30,30,the,the
RD,Story2,2,RD_Story2_s2_k28,28,3,0,11,1,31,31,stable,stable
RD,Story2,2,RD_Story2_s2_k28,28,4,0,11,1,32,32,with,with
RD,Story2,2,RD_Story2_s2_k28,28,5,0,11,1,33,33,his,his
RD,Story2,2,RD_Story2_s2_k28,28,6,0,11,1,34,34,other,other
RD,Story2,2,RD_Story2_s2_k28,28,7,0,11,1,35,35,"donkeys,","donkeys,"
RD,Story2,2,RD_Story2_s2_k28,28,8,0,11,1,36,36,so,so
RD,Story2,2,RD_Story2_s2_k28,28,9,0,11,1,37,37,it,it
RD,Story2,2,RD_Story2_s2_k28,28,10,0,11,1,38,38,could,could
RD,Story2,3,RD_Story2_s3_k41,41,0,0,15,1,41,41,a,the
RD,Story2,3,RD_Story2_s3_k41,41,1,0,15,1,42,42,new,new
RD,Story2,3,RD_Story2_s3_k41,41,2,0,15,1,43,43,donkey,donkey
RD,Story2,3,RD_Story2_s3_k41,41,3,0,15,1,44,44,left,left
RD,Story2,3,RD_Story2_s3_k41,41,4,0,15,1,45,45,the,the
RD,Story2,3,RD_Story2_s3_k41,41,5,0,15,1,46,46,group,group
RD,Story2,3,RD_Story2_s3_k41,41,6,0,15,1,47,47,and,and
RD,Story2,3,RD_Story2_s3_k41,41,7,0,15,1,48,48,joined,joined
RD,Story2,3,RD_Story2_s3_k41,41,8,0,15,1,49,49,the,the
RD,Story2,3,RD_Story2_s3_k41,41,9,0,15,1,50,50,laziest,laziest
RD,Story2,3,RD_Story2_s3_k41,41,10,0,15,1,51,51,and,and
RD,Story2,4,RD_Story2_s4_k65,65,0,0,8,1,65,65,another,the
RD,Story2,4,RD_Story2_s4_k65,65,1,0,8,1,66,66,donkey,donkey
RD,Story2,4,RD_Story2_s4_k65,65,2,0,8,1,67,67,and,and
RD,Story2,4,RD_Story2_s4_k65,65,3,0,8,1,68,68,took,took
RD,Story2,4,RD_Story2_s4_k65,65,4,0,8,1,69,69,it,it
RD,Story2,4,RD_Story2_s4_k65,65,5,0,8,1,70,70,back,back
RD,Story2,4,RD_Story2_s4_k65,65,6,0,8,1,71,71,to,to
RD,Story2,4,RD_Story2_s4_k65,65,7,0,8,1,72,72,its,its
RD,Story2,4,RD_Story2_s4_k65,65,8,1,8,1,73,73,owner.,owner.
RD,Story2,5,RD_Story2_s5_k84,84,0,0,7,1,84,84,she,he
RD,Story2,5,RD_Story2_s5_k84,84,1,0,7,1,85,85,"replied,","replied,"
RD,Story2,5,RD_Story2_s5_k84,84,2,0,7,1,86,86,"""I","""I"
RD,Story2,5,RD_Story2_s5_k84,84,3,0,7,1,87,87,don’t,don’t
RD,Story2,5,RD_Story2_s5_k84,84,4,0,7,1,88,88,need,need
RD,Story2,5,RD_Story2_s5_k84,84,5,0,7,1,89,89,any,any
RD,Story2,5,RD_Story2_s5_k84,84,6,0,7,1,90,90,more,more
RD,Story2,5,RD_Story2_s5_k84,84,7,1,7,1,91,91,time.,time.
RD,Story3,2,RD_Story3_s2_k23,23,0,0,16,1,23,23,a,the
RD,Story3,2,RD_Story3_s2_k23,23,1,0,16,1,24,24,traveler,traveler
RD,Story3,2,RD_Story3_s2_k23,23,2,0,16,1,25,25,decided,decided
RD,Story3,2,RD_Story3_s2_k23,23,3,0,16,1,26,26,to,to
RD,Story3,2,RD_Story3_s2_k23,23,4,0,16,1,27,27,take,take
RD,Story3,2,RD_Story3_s2_k23,23,5,0,16,1,28,28,a,a
RD,Story3,2,RD_Story3_s2_k23,23,6,0,16,1,29,29,break,break
RD,Story3,2,RD_Story3_s2_k23,23,7,0,16,1,30,30,and,and
RD,Story3,2,RD_Story3_s2_k23,23,8,0,16,1,31,31,sought,sought
RD,Story3,2,RD_Story3_s2_k23,23,9,0,16,1,32,32,shelter,shelter
RD,Story3,2,RD_Story3_s2_k23,23,10,0,16,1,33,33,from,from
RD,Story3,3,RD_Story3_s3_k62,62,0,1,0,1,62,62,her.,it.
RD,Story3,4,RD_Story3_s4_k67,67,0,0,18,1,67,67,they,he
RD,Story3,4,RD_Story3_s4_k67,67,1,0,18,1,68,68,had,had
RD,Story3,4,RD_Story3_s4_k67,67,2,0,18,1,69,69,only,only
RD,Story3,4,RD_Story3_s4_k67,67,3,0,18,1,70,70,lent,lent
RD,Story3,4,RD_Story3_s4_k67,67,4,0,18,1,71,71,the,the
RD,Story3,4,RD_Story3_s4_k67,67,5,0,18,1,72,72,"donkey,","donkey,"
RD,Story3,4,RD_Story3_s4_k67,67,6,0,18,1,73,73,not,not
RD,Story3,4,RD_Story3_s4_k67,67,7,0,18,1,74,74,its,its
RD,Story3,4,RD_Story3_s4_k67,67,8,0,18,1,75,75,"shadow,","shadow,"
RD,Story3,4,RD_Story3_s4_k67,67,9,0,18,1,76,76,speaking,speaking
RD,Story3,4,RD_Story3_s4_k67,67,10,0,18,1,77,77,in,in
RD,Story3,5,RD_Story3_s5_k101,101,0,0,1,1,101,101,another,its
RD,Story3,5,RD_Story3_s5_k101,101,1,1,1,1,102,102,shadow.,shadow.
RD,Story3,6,RD_Story3_s6_k115,115,0,0,6,1,115,115,a,the
RD,Story3,6,RD_Story3_s6_k115,115,1,0,6,1,116,116,donkey,donkey
RD,Story3,6,RD_Story3_s6_k115,115,2,0,6,1,117,117,took,took
RD,Story3,6,RD_Story3_s6_k115,115,3,0,6,1,118,118,off,off
RD,Story3,6,RD_Story3_s6_k115,115,4,0,6,1,119,119,and,and
RD,Story3,6,RD_Story3_s6_k115,115,5,0,6,1,120,120,ran,ran
RD,Story3,6,RD_Story3_s6_k115,115,6,1,6,1,121,121,away.,away.
RD,Story4,1,RD_Story4_s1_k26,26,0,1,0,1,26,26,her.,it.
RD,Story4,2,RD_Story4_s2_k39,39,0,0,14,1,39,39,a,the
RD,Story4,2,RD_Story4_s2_k39,39,1,0,14,1,40,40,horse,horse
RD,Story4,2,RD_Story4_s2_k39,39,2,0,14,1,41,41,and,and
RD,Story4,2,RD_Story4_s2_k39,39,3,0,14,1,42,42,charged,charged
RD,Story4,2,RD_Story4_s2_k39,39,4,0,14,1,43,43,straight,straight
RD,Story4,2,RD_Story4_s2_k39,39,5,0,14,1,44,44,into,into
RD,Story4,2,RD_Story4_s2_k39,39,6,0,14,1,45,45,the,the
RD,Story4,2,RD_Story4_s2_k39,39,7,0,14,1,46,46,heart,heart
RD,Story4,2,RD_Story4_s2_k39,39,8,0,14,1,47,47,of,of
RD,Story4,2,RD_Story4_s2_k39,39,9,0,14,1,48,48,"battle,","battle,"
RD,Story4,2,RD_Story4_s2_k39,39,10,0,14,1,49,49,while,while
RD,Story4,3,RD_Story4_s3_k63,63,0,0,2,1,63,63,a,the
RD,Story4,3,RD_Story4_s3_k63,63,1,0,2,1,64,64,"battlefield,","battlefield,"
RD,Story4,3,RD_Story4_s3_k63,63,2,1,2,1,65,65,tragically.,tragically.
RD,Story4,4,RD_Story4_s4_k71,71,0,0,15,1,71,71,their,his
RD,Story4,4,RD_Story4_s4_k71,71,1,0,15,1,72,72,mind,mind
RD,Story4,4,RD_Story4_s4_k71,71,2,0,15,1,73,73,and,and
RD,Story4,4,RD_Story4_s4_k71,71,3,0,15,1,74,74,felt,felt
RD,Story4,4,RD_Story4_s4_k71,71,4,0,15,1,75,75,pity,pity
RD,Story4,4,RD_Story4_s4_k71,71,5,0,15,1,76,76,for,for
RD,Story4,4,RD_Story4_s4_k71,71,6,0,15,1,77,77,the,the
RD,Story4,4,RD_Story4_s4_k71,71,7,0,15,1,78,78,"horse,","horse,"
RD,Story4,4,RD_Story4_s4_k71,71,8,0,15,1,79,79,realizing,realizing
RD,Story4,4,RD_Story4_s4_k71,71,9,0,15,1,80,80,the,the
RD,Story4,4,RD_Story4_s4_k71,71,10,0,15,1,81,81,cost,cost
RD,Story5,2,RD_Story5_s2_k34,34,0,0,1,1,34,34,a,the
RD,Story5,2,RD_Story5_s2_k34,34,1,1,1,1,35,35,statue.,statue.
RD,Story5,3,RD_Story5_s3_k44,44,0,0,11,1,44,44,"them,","him,"
RD,Story5,3,RD_Story5_s3_k44,44,1,0,11,1,45,45,became,became
RD,Story5,3,RD_Story5_s3_k44,44,2,0,11,1,46,46,"proud,","proud,"
RD,Story5,3,RD_Story5_s3_k44,44,3,0,11,1,47,47,puffed,puffed
RD,Story5,3,RD_Story5_s3_k44,44,4,0,11,1,48,48,himself,himself
RD,Story5,3,RD_Story5_s3_k44,44,5,0,11,1,49,49,"up,","up,"
RD,Story5,3,RD_Story5_s3_k44,44,6,0,11,1,50,50,and,and
RD,Story5,3,RD_Story5_s3_k44,44,7,0,11,1,51,51,refused,refused
RD,Story5,3,RD_Story5_s3_k44,44,8,0,11,1,52,52,to,to
RD,Story5,3,RD_Story5_s3_k44,44,9,0,11,1,53,53,move,move
RD,Story5,3,RD_Story5_s3_k44,44,10,0,11,1,54,54,any,any
RD,Story5,4,RD_Story5_s4_k57,57,0,0,14,1,57,57,some,the
RD,Story5,4,RD_Story5_s4_k57,57,1,0,14,1,58,58,donkey,donkey
RD,Story5,4,RD_Story5_s4_k57,57,2,0,14,1,59,59,"stop,","stop,"
RD,Story5,4,RD_Story5_s4_k57,57,3,0,14,1,60,60,the,the
RD,Story5,4,RD_Story5_s4_k57,57,4,0,14,1,61,61,driver,driver
RD,Story5,4,RD_Story5_s4_k57,57,5,0,14,1,62,62,struck,struck
RD,Story5,4,RD_Story5_s4_k57,57,6,0,14,1,63,63,him,him
RD,Story5,4,RD_Story5_s4_k57,57,7,0,14,1,64,64,with,with
RD,Story5,4,RD_Story5_s4_k57,57,8,0,14,1,65,65,his,his
RD,Story5,4,RD_Story5_s4_k57,57,9,0,14,1,66,66,whip,whip
RD,Story5,4,RD_Story5_s4_k57,57,10,0,14,1,67,67,and,and
RD,Story5,5,RD_Story5_s5_k74,74,0,0,9,1,74,74,her,you
RD,Story5,5,RD_Story5_s5_k74,74,1,0,9,1,75,75,they,they
RD,Story5,5,RD_Story5_s5_k74,74,2,0,9,1,76,76,are,are
RD,Story5,5,RD_Story5_s5_k74,74,3,0,9,1,77,77,bowing,bowing
RD,Story5,5,RD_Story5_s5_k74,74,4,0,9,1,78,78,to;,to;
RD,Story5,5,RD_Story5_s5_k74,74,5,0,9,1,79,79,no,no
RD,Story5,5,RD_Story5_s5_k74,74,6,0,9,1,80,80,one,one
RD,Story5,5,RD_Story5_s5_k74,74,7,0,9,1,81,81,worships,worships
RD,Story5,5,RD_Story5_s5_k74,74,8,0,9,1,82,82,a,a
RD,Story5,5,RD_Story5_s5_k74,74,9,1,9,1,83,83,donkey.,donkey.
RD,Story6,2,RD_Story6_s2_k25,25,0,0,5,1,25,25,her,his
RD,Story6,2,RD_Story6_s2_k25,25,1,0,5,1,26,26,companions,companions
RD,Story6,2,RD_Story6_s2_k25,25,2,0,5,1,27,27,to,to
RD,Story6,2,RD_Story6_s2_k25,25,3,0,5,1,28,28,burst,burst
RD,Story6,2,RD_Story6_s2_k25,25,4,0,5,1,29,29,into,into
RD,Story6,2,RD_Story6_s2_k25,25,5,1,5,1,30,30,laughter.,laughter.
RD,Story6,3,RD_Story6_s3_k55,55,0,0,10,2,55,55,she,they
RD,Story6,3,RD_Story6_s3_k55,55,1,0,10,2,56,56,already,already
RD,Story6,3,RD_Story6_s3_k55,55,2,0,10,2,57,57,abandoned,abandoned
RD,Story6,3,RD_Story6_s3_k55,55,3,0,10,2,58,58,the,the
RD,Story6,3,RD_Story6_s3_k55,55,4,0,10,2,59,59,man,man
RD,Story6,3,RD_Story6_s3_k55,55,5,0,10,2,60,60,whose,whose
RD,Story6,3,RD_Story6_s3_k55,55,6,0,10,2,61,61,head,head
RD,Story6,3,RD_Story6_s3_k55,55,7,0,10,2,62,62,they,they
RD,Story6,3,RD_Story6_s3_k55,55,8,0,10,2,63,63,originally,originally
RD,Story6,3,RD_Story6_s3_k55,55,9,0,10,2,64,64,belonged,belonged
RD,Story6,3,RD_Story6_s3_k55,55,10,1,10,2,65,65,"to?""","to?"""
RD,Story7,3,RD_Story7_s3_k55,55,0,0,16,3,55,55,A,The
RD,Story7,3,RD_Story7_s3_k55,55,1,0,16,3,56,56,bald,bald
RD,Story7,3,RD_Story7_s3_k55,55,2,0,16,3,57,57,man,man
RD,Story7,3,RD_Story7_s3_k55,55,3,0,16,3,58,58,"replied,","replied,"
RD,Story7,3,RD_Story7_s3_k55,55,4,0,16,3,59,59,"""I","""I"
RD,Story7,3,RD_Story7_s3_k55,55,5,0,16,3,60,60,can,can
RD,Story7,3,RD_Story7_s3_k55,55,6,0,16,3,61,61,forgive,forgive
RD,Story7,3,RD_Story7_s3_k55,55,7,0,16,3,62,62,myself,myself
RD,Story7,3,RD_Story7_s3_k55,55,8,0,16,3,63,63,because,because
RD,Story7,3,RD_Story7_s3_k55,55,9,0,16,3,64,64,I,I
RD,Story7,3,RD_Story7_s3_k55,55,10,0,16,3,65,65,know,know
RD,Story7,4,RD_Story7_s4_k88,88,0,0,7,1,88,88,"her,","you,"
RD,Story7,4,RD_Story7_s4_k88,88,1,0,7,1,89,89,even,even
RD,Story7,4,RD_Story7_s4_k88,88,2,0,7,1,90,90,if,if
RD,Story7,4,RD_Story7_s4_k88,88,3,0,7,1,91,91,it,it
RD,Story7,4,RD_Story7_s4_k88,88,4,0,7,1,92,92,cost,cost
RD,Story7,4,RD_Story7_s4_k88,88,5,0,7,1,93,93,me,me
RD,Story7,4,RD_Story7_s4_k88,88,6,0,7,1,94,94,more,more
RD,Story7,4,RD_Story7_s4_k88,88,7,1,7,1,95,95,"pain.""","pain."""
RD,Story8,2,RD_Story8_s2_k15,15,0,0,10,1,15,15,some,the
RD,Story8,2,RD_Story8_s2_k15,15,1,0,10,1,16,16,armies,armies
RD,Story8,2,RD_Story8_s2_k15,15,2,0,10,1,17,17,"gathered,","gathered,"
RD,Story8,2,RD_Story8_s2_k15,15,3,0,10,1,18,18,the,the
RD,Story8,2,RD_Story8_s2_k15,15,4,0,10,1,19,19,Bat,Bat
RD,Story8,2,RD_Story8_s2_k15,15,5,0,10,1,20,20,couldn’t,couldn’t
RD,Story8,2,RD_Story8_s2_k15,15,6,0,10,1,21,21,decide,decide
RD,Story8,2,RD_Story8_s2_k15,15,7,0,10,1,22,22,which,which
RD,Story8,2,RD_Story8_s2_k15,15,8,0,10,1,23,23,side,side
RD,Story8,2,RD_Story8_s2_k15,15,9,0,10,1,24,24,to,to
RD,Story8,2,RD_Story8_s2_k15,15,10,1,10,1,25,25,join.,join.
RD,Story8,3,RD_Story8_s3_k50,50,0,0,13,1,50,50,she,he
RD,Story8,3,RD_Story8_s3_k50,50,1,0,13,1,51,51,"claimed,","claimed,"
RD,Story8,3,RD_Story8_s3_k50,50,2,0,13,1,52,52,“I,“I
RD,Story8,3,RD_Story8_s3_k50,50,3,0,13,1,53,53,am,am
RD,Story8,3,RD_Story8_s3_k50,50,4,0,13,1,54,54,a,a
RD,Story8,3,RD_Story8_s3_k50,50,5,0,13,1,55,55,Bird.”,Bird.”
RD,Story8,3,RD_Story8_s3_k50,50,6,0,13,1,56,56,"Fortunately,","Fortunately,"
RD,Story8,3,RD_Story8_s3_k50,50,7,0,13,1,57,57,peace,peace
RD,Story8,3,RD_Story8_s3_k50,50,8,0,13,1,58,58,was,was
RD,Story8,3,RD_Story8_s3_k50,50,9,0,13,1,59,59,"declared,","declared,"
RD,Story8,3,RD_Story8_s3_k50,50,10,0,13,1,60,60,and,and
RD,Story8,4,RD_Story8_s4_k73,73,0,0,6,1,73,73,he,they
RD,Story8,4,RD_Story8_s4_k73,73,1,0,6,1,74,74,rejected,rejected
RD,Story8,4,RD_Story8_s4_k73,73,2,0,6,1,75,75,"him,","him,"
RD,Story8,4,RD_Story8_s4_k73,73,3,0,6,1,76,76,forcing,forcing
RD,Story8,4,RD_Story8_s4_k73,73,4,0,6,1,77,77,him,him
RD,Story8,4,RD_Story8_s4_k73,73,5,0,6,1,78,78,to,to
RD,Story8,4,RD_Story8_s4_k73,73,6,1,6,1,79,79,leave.,leave.
RD,Story8,5,RD_Story8_s5_k89,89,0,0,2,1,89,89,she,he
RD,Story8,5,RD_Story8_s5_k89,89,1,0,2,1,90,90,barely,barely
RD,Story8,5,RD_Story8_s5_k89,89,2,1,2,1,91,91,escaped.,escaped.
RD,Story8,6,RD_Story8_s6_k94,94,0,0,20,1,94,94,some,his
RD,Story8,6,RD_Story8_s6_k94,94,1,0,20,1,95,95,"situation,","situation,"
RD,Story8,6,RD_Story8_s6_k94,94,2,0,20,1,96,96,the,the
RD,Story8,6,RD_Story8_s6_k94,94,3,0,20,1,97,97,Bat,Bat
RD,Story8,6,RD_Story8_s6_k94,94,4,0,20,1,98,98,"said,","said,"
RD,Story8,6,RD_Story8_s6_k94,94,5,0,20,1,99,99,“Now,“Now
RD,Story8,6,RD_Story8_s6_k94,94,6,0,20,1,100,100,I,I
RD,Story8,6,RD_Story8_s6_k94,94,7,0,20,1,101,101,understand:,understand:
RD,Story8,6,RD_Story8_s6_k94,94,8,0,20,1,102,102,‘One,‘One
RD,Story8,6,RD_Story8_s6_k94,94,9,0,20,1,103,103,who,who
RD,Story8,6,RD_Story8_s6_k94,94,10,0,20,1,104,104,tries,tries
RD,Story9,3,RD_Story9_s3_k34,34,0,0,7,1,34,34,it,he
RD,Story9,3,RD_Story9_s3_k34,34,1,0,7,1,35,35,couldn’t,couldn’t
RD,Story9,3,RD_Story9_s3_k34,34,2,0,7,1,36,36,"escape,","escape,"
RD,Story9,3,RD_Story9_s3_k34,34,3,0,7,1,37,37,lay,lay
RD,Story9,3,RD_Story9_s3_k34,34,4,0,7,1,38,38,flat,flat
RD,Story9,3,RD_Story9_s3_k34,34,5,0,7,1,39,39,on,on
RD,Story9,3,RD_Story9_s3_k34,34,6,0,7,1,40,40,the,the
RD,Story9,3,RD_Story9_s3_k34,34,7,1,7,1,41,41,ground.,ground.
RD,Story9,5,RD_Story9_s5_k53,53,0,0,13,1,53,53,a,the
RD,Story9,5,RD_Story9_s5_k53,53,1,0,13,1,54,54,man,man
RD,Story9,5,RD_Story9_s5_k53,53,2,0,13,1,55,55,pretended,pretended
RD,Story9,5,RD_Story9_s5_k53,53,3,0,13,1,56,56,to,to
RD,Story9,5,RD_Story9_s5_k53,53,4,0,13,1,57,57,be,be
RD,Story9,5,RD_Story9_s5_k53,53,5,0,13,1,58,58,"dead,","dead,"
RD,Story9,5,RD_Story9_s5_k53,53,6,0,13,1,59,59,knowing,knowing
RD,Story9,5,RD_Story9_s5_k53,53,7,0,13,1,60,60,that,that
RD,Story9,5,RD_Story9_s5_k53,53,8,0,13,1,61,61,bears,bears
RD,Story9,5,RD_Story9_s5_k53,53,9,0,13,1,62,62,are,are
RD,Story9,5,RD_Story9_s5_k53,53,10,0,13,1,63,63,said,said
RD,Story9,6,RD_Story9_s6_k70,70,0,0,3,1,70,70,another,the
RD,Story9,6,RD_Story9_s6_k70,70,1,0,3,1,71,71,Bear,Bear
RD,Story9,6,RD_Story9_s6_k70,70,2,0,3,1,72,72,wandered,wandered
RD,Story9,6,RD_Story9_s6_k70,70,3,1,3,1,73,73,off.,off.
RD,Story9,7,RD_Story9_s7_k95,95,0,0,1,2,95,95,her,your
RD,Story9,7,RD_Story9_s7_k95,95,1,1,1,2,96,96,ear?”.,ear?”.
RD,Story10,2,RD_Story10_s2_k32,32,0,0,1,2,32,32,the,any
RD,Story10,2,RD_Story10_s2_k32,32,1,1,1,2,33,33,wish.,wish.
RD,Story10,3,RD_Story10_s3_k64,64,0,0,5,1,64,64,another,the
RD,Story10,3,RD_Story10_s3_k64,64,1,0,5,1,65,65,request,request
RD,Story10,3,RD_Story10_s3_k64,64,2,0,5,1,66,66,but,but
RD,Story10,3,RD_Story10_s3_k64,64,3,0,5,1,67,67,honored,honored
RD,Story10,3,RD_Story10_s3_k64,64,4,0,5,1,68,68,his,his
RD,Story10,3,RD_Story10_s3_k64,64,5,1,5,1,69,69,promise.,promise.
RD,Story10,5,RD_Story10_s5_k87,87,0,0,16,1,87,87,"him,","it,"
RD,Story10,5,RD_Story10_s5_k87,87,1,0,16,1,88,88,the,the
RD,Story10,5,RD_Story10_s5_k87,87,2,0,16,1,89,89,sting,sting
RD,Story10,5,RD_Story10_s5_k87,87,3,0,16,1,90,90,will,will
RD,Story10,5,RD_Story10_s5_k87,87,4,0,16,1,91,91,remain,remain
RD,Story10,5,RD_Story10_s5_k87,87,5,0,16,1,92,92,in,in
RD,Story10,5,RD_Story10_s5_k87,87,6,0,16,1,93,93,the,the
RD,Story10,5,RD_Story10_s5_k87,87,7,0,16,1,94,94,wound,wound
RD,Story10,5,RD_Story10_s5_k87,87,8,0,16,1,95,95,you,you
RD,Story10,5,RD_Story10_s5_k87,87,9,0,16,1,96,96,"inflict,","inflict,"
RD,Story10,5,RD_Story10_s5_k87,87,10,0,16,1,97,97,and,and
RD,Story11,3,RD_Story11_s3_k43,43,0,0,2,2,43,43,it,him
RD,Story11,3,RD_Story11_s3_k43,43,1,0,2,2,44,44,for,for
RD,Story11,3,RD_Story11_s3_k43,43,2,1,2,2,45,45,days.,days.
RD,Story11,4,RD_Story11_s4_k53,53,0,0,14,1,53,53,a,the
RD,Story11,4,RD_Story11_s4_k53,53,1,0,14,1,54,54,cook,cook
RD,Story11,4,RD_Story11_s4_k53,53,2,0,14,1,55,55,noticed,noticed
RD,Story11,4,RD_Story11_s4_k53,53,3,0,14,1,56,56,him,him
RD,Story11,4,RD_Story11_s4_k53,53,4,0,14,1,57,57,and,and
RD,Story11,4,RD_Story11_s4_k53,53,5,0,14,1,58,58,quickly,quickly
RD,Story11,4,RD_Story11_s4_k53,53,6,0,14,1,59,59,threw,threw
RD,Story11,4,RD_Story11_s4_k53,53,7,0,14,1,60,60,him,him
RD,Story11,4,RD_Story11_s4_k53,53,8,0,14,1,61,61,out,out
RD,Story11,4,RD_Story11_s4_k53,53,9,0,14,1,62,62,of,of
RD,Story11,4,RD_Story11_s4_k53,53,10,0,14,1,63,63,the,the
RD,Story11,5,RD_Story11_s5_k68,68,0,0,11,1,68,68,Another,The
RD,Story11,5,RD_Story11_s5_k68,68,1,0,11,1,69,69,dog,dog
RD,Story11,5,RD_Story11_s5_k68,68,2,0,11,1,70,70,landed,landed
RD,Story11,5,RD_Story11_s5_k68,68,3,0,11,1,71,71,on,on
RD,Story11,5,RD_Story11_s5_k68,68,4,0,11,1,72,72,the,the
RD,Story11,5,RD_Story11_s5_k68,68,5,0,11,1,73,73,"ground,","ground,"
RD,Story11,5,RD_Story11_s5_k68,68,6,0,11,1,74,74,limped,limped
RD,Story11,5,RD_Story11_s5_k68,68,7,0,11,1,75,75,"away,","away,"
RD,Story11,5,RD_Story11_s5_k68,68,8,0,11,1,76,76,and,and
RD,Story11,5,RD_Story11_s5_k68,68,9,0,11,1,77,77,howled,howled
RD,Story11,5,RD_Story11_s5_k68,68,10,0,11,1,78,78,in,in
RD,Story11,8,RD_Story11_s8_k111,111,0,0,3,1,111,111,they,I
RD,Story11,8,RD_Story11_s8_k111,111,1,0,3,1,112,112,ended,ended
RD,Story11,8,RD_Story11_s8_k111,111,2,0,3,1,113,113,up,up
RD,Story11,8,RD_Story11_s8_k111,111,3,1,3,1,114,114,"outside.""","outside."""
RD,Story12,2,RD_Story12_s2_k21,21,0,0,14,1,21,21,she,he
RD,Story12,2,RD_Story12_s2_k21,21,1,0,14,1,22,22,tried,tried
RD,Story12,2,RD_Story12_s2_k21,21,2,0,14,1,23,23,to,to
RD,Story12,2,RD_Story12_s2_k21,21,3,0,14,1,24,24,pull,pull
RD,Story12,2,RD_Story12_s2_k21,21,4,0,14,1,25,25,his,his
RD,Story12,2,RD_Story12_s2_k21,21,5,0,14,1,26,26,hand,hand
RD,Story12,2,RD_Story12_s2_k21,21,6,0,14,1,27,27,"out,","out,"
RD,Story12,2,RD_Story12_s2_k21,21,7,0,14,1,28,28,the,the
RD,Story12,2,RD_Story12_s2_k21,21,8,0,14,1,29,29,narrow,narrow
RD,Story12,2,RD_Story12_s2_k21,21,9,0,14,1,30,30,neck,neck
RD,Story12,2,RD_Story12_s2_k21,21,10,0,14,1,31,31,of,of
RD,Story12,3,RD_Story12_s3_k47,47,0,0,7,1,47,47,a,his
RD,Story12,3,RD_Story12_s3_k47,47,1,0,7,1,48,48,"hand,","hand,"
RD,Story12,3,RD_Story12_s3_k47,47,2,0,7,1,49,49,he,he
RD,Story12,3,RD_Story12_s3_k47,47,3,0,7,1,50,50,started,started
RD,Story12,3,RD_Story12_s3_k47,47,4,0,7,1,51,51,to,to
RD,Story12,3,RD_Story12_s3_k47,47,5,0,7,1,52,52,cry,cry
RD,Story12,3,RD_Story12_s3_k47,47,6,0,7,1,53,53,in,in
RD,Story12,3,RD_Story12_s3_k47,47,7,1,7,1,54,54,frustration.,frustration.
RD,Story12,4,RD_Story12_s4_k70,70,0,0,3,1,70,70,my,your
RD,Story12,4,RD_Story12_s4_k70,70,1,0,3,1,71,71,hand,hand
RD,Story12,4,RD_Story12_s4_k70,70,2,0,3,1,72,72,out,out
RD,Story12,4,RD_Story12_s4_k70,70,3,1,3,1,73,73,"easily.""","easily."""
RD,Story13,2,RD_Story13_s2_k39,39,0,0,17,2,39,39,A,The
RD,Story13,2,RD_Story13_s2_k39,39,1,0,17,2,40,40,son,son
RD,Story13,2,RD_Story13_s2_k39,39,2,0,17,2,41,41,struggled,struggled
RD,Story13,2,RD_Story13_s2_k39,39,3,0,17,2,42,42,with,with
RD,Story13,2,RD_Story13_s2_k39,39,4,0,17,2,43,43,all,all
RD,Story13,2,RD_Story13_s2_k39,39,5,0,17,2,44,44,his,his
RD,Story13,2,RD_Story13_s2_k39,39,6,0,17,2,45,45,strength,strength
RD,Story13,2,RD_Story13_s2_k39,39,7,0,17,2,46,46,but,but
RD,Story13,2,RD_Story13_s2_k39,39,8,0,17,2,47,47,couldn’t,couldn’t
RD,Story13,2,RD_Story13_s2_k39,39,9,0,17,2,48,48,break,break
RD,Story13,2,RD_Story13_s2_k39,39,10,0,17,2,49,49,the,the
RD,Story13,4,RD_Story13_s4_k80,80,0,0,15,1,80,80,she,they
RD,Story13,4,RD_Story13_s4_k80,80,1,0,15,1,81,81,had,had
RD,Story13,4,RD_Story13_s4_k80,80,2,0,15,1,82,82,done,done
RD,Story13,4,RD_Story13_s4_k80,80,3,0,15,1,83,83,"so,","so,"
RD,Story13,4,RD_Story13_s4_k80,80,4,0,15,1,84,84,he,he
RD,Story13,4,RD_Story13_s4_k80,80,5,0,15,1,85,85,told,told
RD,Story13,4,RD_Story13_s4_k80,80,6,0,15,1,86,86,"them,","them,"
RD,Story13,4,RD_Story13_s4_k80,80,7,0,15,1,87,87,"""Now,","""Now,"
RD,Story13,4,RD_Story13_s4_k80,80,8,0,15,1,88,88,break,break
RD,Story13,4,RD_Story13_s4_k80,80,9,0,15,1,89,89,"them.""","them."""
RD,Story13,4,RD_Story13_s4_k80,80,10,0,15,1,90,90,This,This
RD,Story13,5,RD_Story13_s5_k98,98,0,0,4,1,98,98,their,my
RD,Story13,5,RD_Story13_s5_k98,98,1,0,4,1,99,99,"point,""","point,"""
RD,Story13,5,RD_Story13_s5_k98,98,2,0,4,1,100,100,the,the
RD,Story13,5,RD_Story13_s5_k98,98,3,0,4,1,101,101,father,father
RD,Story13,5,RD_Story13_s5_k98,98,4,1,4,1,102,102,said.,said.
RD,Story14,2,RD_Story14_s2_k38,38,0,0,19,2,38,38,a,the
RD,Story14,2,RD_Story14_s2_k38,38,1,0,19,2,39,39,"cage,","cage,"
RD,Story14,2,RD_Story14_s2_k38,38,2,0,19,2,40,40,asking,asking
RD,Story14,2,RD_Story14_s2_k38,38,3,0,19,2,41,41,the,the
RD,Story14,2,RD_Story14_s2_k38,38,4,0,19,2,42,42,bird,bird
RD,Story14,2,RD_Story14_s2_k38,38,5,0,19,2,43,43,why,why
RD,Story14,2,RD_Story14_s2_k38,38,6,0,19,2,44,44,she,she
RD,Story14,2,RD_Story14_s2_k38,38,7,0,19,2,45,45,was,was
RD,Story14,2,RD_Story14_s2_k38,38,8,0,19,2,46,46,silent,silent
RD,Story14,2,RD_Story14_s2_k38,38,9,0,19,2,47,47,during,during
RD,Story14,2,RD_Story14_s2_k38,38,10,0,19,2,48,48,the,the
RD,Story14,3,RD_Story14_s3_k60,60,0,0,5,1,60,60,another,a
RD,Story14,3,RD_Story14_s3_k60,60,1,0,5,1,61,61,good,good
RD,Story14,3,RD_Story14_s3_k60,60,2,0,5,1,62,62,"reason,""","reason,"""
RD,Story14,3,RD_Story14_s3_k60,60,3,0,5,1,63,63,the,the
RD,Story14,3,RD_Story14_s3_k60,60,4,0,5,1,64,64,bird,bird
RD,Story14,3,RD_Story14_s3_k60,60,5,1,5,1,65,65,replied.,replied.
RD,Story14,4,RD_Story14_s4_k82,82,0,1,0,1,82,82,you.,me.
RD,Story14,6,RD_Story14_s6_k109,109,0,0,7,1,109,109,they,you
RD,Story14,6,RD_Story14_s6_k109,109,1,0,7,1,110,110,were,were
RD,Story14,6,RD_Story14_s6_k109,109,2,0,7,1,111,111,"caught,","caught,"
RD,Story14,6,RD_Story14_s6_k109,109,3,0,7,1,112,112,you,you
RD,Story14,6,RD_Story14_s6_k109,109,4,0,7,1,113,113,might,might
RD,Story14,6,RD_Story14_s6_k109,109,5,0,7,1,114,114,still,still
RD,Story14,6,RD_Story14_s6_k109,109,6,0,7,1,115,115,be,be
RD,Story14,6,RD_Story14_s6_k109,109,7,1,7,1,116,116,"free.""","free."""
RD,Story15,2,RD_Story15_s2_k24,24,0,0,12,1,24,24,an,the
RD,Story15,2,RD_Story15_s2_k24,24,1,0,12,1,25,25,animal’s,animal’s
RD,Story15,2,RD_Story15_s2_k24,24,2,0,12,1,26,26,calm,calm
RD,Story15,2,RD_Story15_s2_k24,24,3,0,12,1,27,27,and,and
RD,Story15,2,RD_Story15_s2_k24,24,4,0,12,1,28,28,gentle,gentle
RD,Story15,2,RD_Story15_s2_k24,24,5,0,12,1,29,29,"nature,","nature,"
RD,Story15,2,RD_Story15_s2_k24,24,6,0,12,1,30,30,they,they
RD,Story15,2,RD_Story15_s2_k24,24,7,0,12,1,31,31,gained,gained
RD,Story15,2,RD_Story15_s2_k24,24,8,0,12,1,32,32,enough,enough
RD,Story15,2,RD_Story15_s2_k24,24,9,0,12,1,33,33,confidence,confidence
RD,Story15,2,RD_Story15_s2_k24,24,10,0,12,1,34,34,to,to
RD,Story15,3,RD_Story15_s3_k56,56,0,0,6,2,56,56,her,it
RD,Story15,3,RD_Story15_s3_k56,56,1,0,6,2,57,57,and,and
RD,Story15,3,RD_Story15_s3_k56,56,2,0,6,2,58,58,let,let
RD,Story15,3,RD_Story15_s3_k56,56,3,0,6,2,59,59,a,a
RD,Story15,3,RD_Story15_s3_k56,56,4,0,6,2,60,60,child,child
RD,Story15,3,RD_Story15_s3_k56,56,5,0,6,2,61,61,lead,lead
RD,Story15,3,RD_Story15_s3_k56,56,6,1,6,2,62,62,it.,it.
RD,Story16,2,RD_Story16_s2_k22,22,0,0,16,1,22,22,she,he
RD,Story16,2,RD_Story16_s2_k22,22,1,0,16,1,23,23,sadly,sadly
RD,Story16,2,RD_Story16_s2_k22,22,2,0,16,1,24,24,discovered,discovered
RD,Story16,2,RD_Story16_s2_k22,22,3,0,16,1,25,25,that,that
RD,Story16,2,RD_Story16_s2_k22,22,4,0,16,1,26,26,the,the
RD,Story16,2,RD_Story16_s2_k22,22,5,0,16,1,27,27,pitcher,pitcher
RD,Story16,2,RD_Story16_s2_k22,22,6,0,16,1,28,28,only,only
RD,Story16,2,RD_Story16_s2_k22,22,7,0,16,1,29,29,contained,contained
RD,Story16,2,RD_Story16_s2_k22,22,8,0,16,1,30,30,a,a
RD,Story16,2,RD_Story16_s2_k22,22,9,0,16,1,31,31,small,small
RD,Story16,2,RD_Story16_s2_k22,22,10,0,16,1,32,32,amount,amount
RD,Story16,3,RD_Story16_s3_k39,39,0,0,18,1,39,39,They,He
RD,Story16,3,RD_Story16_s3_k39,39,1,0,18,1,40,40,tried,tried
RD,Story16,3,RD_Story16_s3_k39,39,2,0,18,1,41,41,everything,everything
RD,Story16,3,RD_Story16_s3_k39,39,3,0,18,1,42,42,he,he
RD,Story16,3,RD_Story16_s3_k39,39,4,0,18,1,43,43,could,could
RD,Story16,3,RD_Story16_s3_k39,39,5,0,18,1,44,44,think,think
RD,Story16,3,RD_Story16_s3_k39,39,6,0,18,1,45,45,of,of
RD,Story16,3,RD_Story16_s3_k39,39,7,0,18,1,46,46,to,to
RD,Story16,3,RD_Story16_s3_k39,39,8,0,18,1,47,47,get,get
RD,Story16,3,RD_Story16_s3_k39,39,9,0,18,1,48,48,to,to
RD,Story16,3,RD_Story16_s3_k39,39,10,0,18,1,49,49,the,the
RD,Story16,4,RD_Story16_s4_k88,88,0,0,1,2,88,88,the,his
RD,Story16,4,RD_Story16_s4_k88,88,1,1,1,2,89,89,life.,life.
RD,Story17,2,RD_Story17_s2_k34,34,0,0,5,1,34,34,it,them
RD,Story17,2,RD_Story17_s2_k34,34,1,0,5,1,35,35,from,from
RD,Story17,2,RD_Story17_s2_k34,34,2,0,5,1,36,36,"sleeping,","sleeping,"
RD,Story17,2,RD_Story17_s2_k34,34,3,0,5,1,37,37,with,with
RD,Story17,2,RD_Story17_s2_k34,34,4,0,5,1,38,38,feigned,feigned
RD,Story17,2,RD_Story17_s2_k34,34,5,1,5,1,39,39,indignation.,indignation.
RD,Story17,3,RD_Story17_s3_k43,43,0,0,21,1,43,43,"her,","himself,"
RD,Story17,3,RD_Story17_s3_k43,43,1,0,21,1,44,44,saying,saying
RD,Story17,3,RD_Story17_s3_k43,43,2,0,21,1,45,45,that,that
RD,Story17,3,RD_Story17_s3_k43,43,3,0,21,1,46,46,he,he
RD,Story17,3,RD_Story17_s3_k43,43,4,0,21,1,47,47,actually,actually
RD,Story17,3,RD_Story17_s3_k43,43,5,0,21,1,48,48,helped,helped
RD,Story17,3,RD_Story17_s3_k43,43,6,0,21,1,49,49,people,people
RD,Story17,3,RD_Story17_s3_k43,43,7,0,21,1,50,50,by,by
RD,Story17,3,RD_Story17_s3_k43,43,8,0,21,1,51,51,waking,waking
RD,Story17,3,RD_Story17_s3_k43,43,9,0,21,1,52,52,them,them
RD,Story17,3,RD_Story17_s3_k43,43,10,0,21,1,53,53,up,up
RD,Story17,4,RD_Story17_s4_k73,73,0,0,11,1,73,73,we,you
RD,Story17,4,RD_Story17_s4_k73,73,1,0,11,1,74,74,"give,","give,"
RD,Story17,4,RD_Story17_s4_k73,73,2,0,11,1,75,75,I’m,I’m
RD,Story17,4,RD_Story17_s4_k73,73,3,0,11,1,76,76,not,not
RD,Story17,4,RD_Story17_s4_k73,73,4,0,11,1,77,77,going,going
RD,Story17,4,RD_Story17_s4_k73,73,5,0,11,1,78,78,to,to
RD,Story17,4,RD_Story17_s4_k73,73,6,0,11,1,79,79,miss,miss
RD,Story17,4,RD_Story17_s4_k73,73,7,0,11,1,80,80,my,my
RD,Story17,4,RD_Story17_s4_k73,73,8,0,11,1,81,81,"meal,”","meal,”"
RD,Story17,4,RD_Story17_s4_k73,73,9,0,11,1,82,82,and,and
RD,Story17,4,RD_Story17_s4_k73,73,10,0,11,1,83,83,ate,ate
RD,Story18,3,RD_Story18_s3_k26,26,0,0,12,1,26,26,her,their
RD,Story18,3,RD_Story18_s3_k26,26,1,0,12,1,27,27,"lives,","lives,"
RD,Story18,3,RD_Story18_s3_k26,26,2,0,12,1,28,28,the,the
RD,Story18,3,RD_Story18_s3_k26,26,3,0,12,1,29,29,mice,mice
RD,Story18,3,RD_Story18_s3_k26,26,4,0,12,1,30,30,hid,hid
RD,Story18,3,RD_Story18_s3_k26,26,5,0,12,1,31,31,in,in
RD,Story18,3,RD_Story18_s3_k26,26,6,0,12,1,32,32,their,their
RD,Story18,3,RD_Story18_s3_k26,26,7,0,12,1,33,33,holes,holes
RD,Story18,3,RD_Story18_s3_k26,26,8,0,12,1,34,34,and,and
RD,Story18,3,RD_Story18_s3_k26,26,9,0,12,1,35,35,refused,refused
RD,Story18,3,RD_Story18_s3_k26,26,10,0,12,1,36,36,to,to
RD,Story18,4,RD_Story18_s4_k44,44,0,0,9,1,44,44,some,the
RD,Story18,4,RD_Story18_s4_k44,44,1,0,9,1,45,45,cat,cat
RD,Story18,4,RD_Story18_s4_k44,44,2,0,9,1,46,46,decided,decided
RD,Story18,4,RD_Story18_s4_k44,44,3,0,9,1,47,47,to,to
RD,Story18,4,RD_Story18_s4_k44,44,4,0,9,1,48,48,lure,lure
RD,Story18,4,RD_Story18_s4_k44,44,5,0,9,1,49,49,them,them
RD,Story18,4,RD_Story18_s4_k44,44,6,0,9,1,50,50,out,out
RD,Story18,4,RD_Story18_s4_k44,44,7,0,9,1,51,51,with,with
RD,Story18,4,RD_Story18_s4_k44,44,8,0,9,1,52,52,a,a
RD,Story18,4,RD_Story18_s4_k44,44,9,1,9,1,53,53,trick.,trick.
RD,Story18,5,RD_Story18_s5_k57,57,0,0,10,1,57,57,another,a
RD,Story18,5,RD_Story18_s5_k57,57,1,0,10,1,58,58,"peg,","peg,"
RD,Story18,5,RD_Story18_s5_k57,57,2,0,10,1,59,59,hung,hung
RD,Story18,5,RD_Story18_s5_k57,57,3,0,10,1,60,60,herself,herself
RD,Story18,5,RD_Story18_s5_k57,57,4,0,10,1,61,61,from,from
RD,Story18,5,RD_Story18_s5_k57,57,5,0,10,1,62,62,"it,","it,"
RD,Story18,5,RD_Story18_s5_k57,57,6,0,10,1,63,63,and,and
RD,Story18,5,RD_Story18_s5_k57,57,7,0,10,1,64,64,pretended,pretended
RD,Story18,5,RD_Story18_s5_k57,57,8,0,10,1,65,65,to,to
RD,Story18,5,RD_Story18_s5_k57,57,9,0,10,1,66,66,be,be
RD,Story18,5,RD_Story18_s5_k57,57,10,1,10,1,67,67,dead.,dead.
RD,Story18,6,RD_Story18_s6_k90,90,0,0,5,1,90,90,he,we
RD,Story18,6,RD_Story18_s6_k90,90,1,0,5,1,91,91,still,still
RD,Story18,6,RD_Story18_s6_k90,90,2,0,5,1,92,92,wouldn’t,wouldn’t
RD,Story18,6,RD_Story18_s6_k90,90,3,0,5,1,93,93,come,come
RD,Story18,6,RD_Story18_s6_k90,90,4,0,5,1,94,94,near,near
RD,Story18,6,RD_Story18_s6_k90,90,5,1,5,1,95,95,you.”,you.”
RD,Story19,2,RD_Story19_s2_k72,72,0,1,0,2,72,72,it.,me.
RD,Story19,3,RD_Story19_s3_k86,86,0,0,7,2,86,86,A,The
RD,Story19,3,RD_Story19_s3_k86,86,1,0,7,2,87,87,miller,miller
RD,Story19,3,RD_Story19_s3_k86,86,2,0,7,2,88,88,"replied,","replied,"
RD,Story19,3,RD_Story19_s3_k86,86,3,0,7,2,89,89,“Stop,“Stop
RD,Story19,3,RD_Story19_s3_k86,86,4,0,7,2,90,90,complaining,complaining
RD,Story19,3,RD_Story19_s3_k86,86,5,0,7,2,91,91,about,about
RD,Story19,3,RD_Story19_s3_k86,86,6,0,7,2,92,92,the,the
RD,Story19,3,RD_Story19_s3_k86,86,7,1,7,2,93,93,past.,past.
RD,Story19,4,RD_Story19_s4_k98,98,0,0,9,1,98,98,the,all
RD,Story19,4,RD_Story19_s4_k98,98,1,0,9,1,99,99,mortals,mortals
RD,Story19,4,RD_Story19_s4_k98,98,2,0,9,1,100,100,to,to
RD,Story19,4,RD_Story19_s4_k98,98,3,0,9,1,101,101,experience,experience
RD,Story19,4,RD_Story19_s4_k98,98,4,0,9,1,102,102,the,the
RD,Story19,4,RD_Story19_s4_k98,98,5,0,9,1,103,103,ups,ups
RD,Story19,4,RD_Story19_s4_k98,98,6,0,9,1,104,104,and,and
RD,Story19,4,RD_Story19_s4_k98,98,7,0,9,1,105,105,downs,downs
RD,Story19,4,RD_Story19_s4_k98,98,8,0,9,1,106,106,of,of
RD,Story19,4,RD_Story19_s4_k98,98,9,1,9,1,107,107,fortune.”,fortune.”
RD,Story20,3,RD_Story20_s3_k34,34,0,0,4,2,34,34,a,the
RD,Story20,3,RD_Story20_s3_k34,34,1,0,4,2,35,35,"straw,","straw,"
RD,Story20,3,RD_Story20_s3_k34,34,2,0,4,2,36,36,with,with
RD,Story20,3,RD_Story20_s3_k34,34,3,0,4,2,37,37,great,great
RD,Story20,3,RD_Story20_s3_k34,34,4,1,4,2,38,38,excitement.,excitement.
RD,Story20,4,RD_Story20_s4_k51,51,0,0,1,1,51,51,some,the
RD,Story20,4,RD_Story20_s4_k51,51,1,1,1,1,52,52,yard.,yard.
RD,Story20,5,RD_Story20_s5_k59,59,0,0,24,1,59,59,a,the
RD,Story20,5,RD_Story20_s5_k59,59,1,0,24,1,60,60,"rooster,","rooster,"
RD,Story20,5,RD_Story20_s5_k59,59,2,0,24,1,61,61,"""to","""to"
RD,Story20,5,RD_Story20_s5_k59,59,3,0,24,1,62,62,those,those
RD,Story20,5,RD_Story20_s5_k59,59,4,0,24,1,63,63,who,who
RD,Story20,5,RD_Story20_s5_k59,59,5,0,24,1,64,64,value,value
RD,Story20,5,RD_Story20_s5_k59,59,6,0,24,1,65,65,"you,","you,"
RD,Story20,5,RD_Story20_s5_k59,59,7,0,24,1,66,66,but,but
RD,Story20,5,RD_Story20_s5_k59,59,8,0,24,1,67,67,for,for
RD,Story20,5,RD_Story20_s5_k59,59,9,0,24,1,68,68,"me,","me,"
RD,Story20,5,RD_Story20_s5_k59,59,10,0,24,1,69,69,I,I
RD,Story21,2,RD_Story21_s2_k22,22,0,0,11,1,22,22,some,the
RD,Story21,2,RD_Story21_s2_k22,22,1,0,11,1,23,23,"eagle,","eagle,"
RD,Story21,2,RD_Story21_s2_k22,22,2,0,11,1,24,24,aimed,aimed
RD,Story21,2,RD_Story21_s2_k22,22,3,0,11,1,25,25,"carefully,","carefully,"
RD,Story21,2,RD_Story21_s2_k22,22,4,0,11,1,26,26,and,and
RD,Story21,2,RD_Story21_s2_k22,22,5,0,11,1,27,27,shot,shot
RD,Story21,2,RD_Story21_s2_k22,22,6,0,11,1,28,28,him,him
RD,Story21,2,RD_Story21_s2_k22,22,7,0,11,1,29,29,with,with
RD,Story21,2,RD_Story21_s2_k22,22,8,0,11,1,30,30,an,an
RD,Story21,2,RD_Story21_s2_k22,22,9,0,11,1,31,31,"arrow,","arrow,"
RD,Story21,2,RD_Story21_s2_k22,22,10,0,11,1,32,32,without,without
RD,Story21,3,RD_Story21_s3_k42,42,0,0,15,1,42,42,an,the
RD,Story21,3,RD_Story21_s3_k42,42,1,0,15,1,43,43,arrow,arrow
RD,Story21,3,RD_Story21_s3_k42,42,2,0,15,1,44,44,that,that
RD,Story21,3,RD_Story21_s3_k42,42,3,0,15,1,45,45,struck,struck
RD,Story21,3,RD_Story21_s3_k42,42,4,0,15,1,46,46,his,his
RD,Story21,3,RD_Story21_s3_k42,42,5,0,15,1,47,47,heart,heart
RD,Story21,3,RD_Story21_s3_k42,42,6,0,15,1,48,48,and,and
RD,Story21,3,RD_Story21_s3_k42,42,7,0,15,1,49,49,noticed,noticed
RD,Story21,3,RD_Story21_s3_k42,42,8,0,15,1,50,50,that,that
RD,Story21,3,RD_Story21_s3_k42,42,9,0,15,1,51,51,its,its
RD,Story21,3,RD_Story21_s3_k42,42,10,0,15,1,52,52,feathers,feathers
RD,Story21,4,RD_Story21_s4_k62,62,0,0,12,1,62,62,she,he
RD,Story21,4,RD_Story21_s4_k62,62,1,0,12,1,63,63,"said,","said,"
RD,Story21,4,RD_Story21_s4_k62,62,2,0,12,1,64,64,“to,“to
RD,Story21,4,RD_Story21_s4_k62,62,3,0,12,1,65,65,be,be
RD,Story21,4,RD_Story21_s4_k62,62,4,0,12,1,66,66,killed,killed
RD,Story21,4,RD_Story21_s4_k62,62,5,0,12,1,67,67,by,by
RD,Story21,4,RD_Story21_s4_k62,62,6,0,12,1,68,68,an,an
RD,Story21,4,RD_Story21_s4_k62,62,7,0,12,1,69,69,arrow,arrow
RD,Story21,4,RD_Story21_s4_k62,62,8,0,12,1,70,70,made,made
RD,Story21,4,RD_Story21_s4_k62,62,9,0,12,1,71,71,with,with
RD,Story21,4,RD_Story21_s4_k62,62,10,0,12,1,72,72,my,my
