DistType,Story,SentenceIndex,PerturbationID,N_K_Tokens,N_K_Spans,AnchorDistWordIndex,WordsAfterFinalK,MappedResponses,OriginalSentenceLength,DistortedSentenceLength,AlignmentMethod
CD,Story1,1,CD_Story1_s1_k18,1,1,18,2,3,20,20,position
CD,Story1,2,CD_Story1_s2_k26,1,1,26,8,9,14,14,position
CD,Story1,4,CD_Story1_s4_k53,1,1,53,6,7,12,12,position
CD,Story2,2,CD_Story2_s2_k35,1,1,35,4,5,19,19,position
CD,Story2,3,CD_Story2_s3_k46,1,1,46,10,11,17,17,position
CD,Story2,4,CD_Story2_s4_k63,1,1,63,10,11,17,17,position
CD,Story3,3,CD_Story3_s3_k46,1,1,46,16,11,23,23,position
CD,Story3,4,CD_Story3_s4_k75,1,1,75,10,11,23,23,position
CD,Story3,6,CD_Story3_s6_k114,1,1,114,7,8,19,19,position
CD,Story4,2,CD_Story4_s2_k49,2,1,49,5,6,27,28,sequence
CD,Story4,3,CD_Story4_s3_k65,1,1,65,1,2,12,12,position
CD,Story5,3,CD_Story5_s3_k43,2,1,43,13,11,20,21,sequence
CD,Story5,4,CD_Story5_s4_k67,1,1,67,5,6,16,16,position
CD,Story6,2,CD_Story6_s2_k23,2,2,23,7,8,18,18,position
CD,Story6,3,CD_Story6_s3_k61,1,1,61,4,5,35,35,position
CD,Story7,2,CD_Story7_s2_k24,1,1,24,6,7,17,17,position
CD,Story7,3,CD_Story7_s3_k42,1,1,42,29,11,41,41,position
CD,Story7,4,CD_Story7_s4_k81,1,1,81,14,11,24,24,position
CD,Story8,2,CD_Story8_s2_k23,1,1,23,2,3,12,12,position
CD,Story8,3,CD_Story8_s3_k62,1,1,62,1,2,38,38,position
CD,Story8,6,CD_Story8_s6_k95,1,1,95,19,11,23,23,position
CD,Story9,2,CD_Story9_s2_k25,1,1,25,5,6,17,17,position
CD,Story9,5,CD_Story9_s5_k52,1,1,52,14,11,17,17,position
CD,Story9,8,CD_Story9_s8_k116,1,1,116,3,4,23,23,position
CD,Story10,3,CD_Story10_s3_k65,2,2,65,4,5,36,36,position
CD,Story10,5,CD_Story10_s5_k94,1,1,94,9,10,20,20,position
CD,Story11,2,CD_Story11_s2_k22,1,1,22,2,3,14,14,position
CD,Story11,4,CD_Story11_s4_k64,1,1,64,3,4,22,22,position
CD,Story11,7,CD_Story11_s7_k100,1,1,100,5,6,15,15,position
CD,Story12,2,CD_Story12_s2_k33,1,1,33,2,3,24,24,position
CD,Story12,3,CD_Story12_s3_k48,1,1,48,6,7,19,19,position
CD,Story13,2,CD_Story13_s2_k50,2,2,50,6,7,39,39,position
CD,Story13,4,CD_Story13_s4_k73,1,1,73,22,11,29,29,position
CD,Story14,2,CD_Story14_s2_k54,2,2,54,3,4,31,31,position
CD,Story14,4,CD_Story14_s4_k79,1,1,79,3,4,17,17,position
CD,Story15,1,CD_Story15_s1_k14,1,1,14,4,5,18,18,position
CD,Story15,2,CD_Story15_s2_k29,1,1,29,7,8,18,18,position
CD,Story16,2,CD_Story16_s2_k34,1,1,34,4,5,20,20,position
CD,Story16,4,CD_Story16_s4_k79,1,1,79,10,11,32,32,position
CD,Story17,2,CD_Story17_s2_k36,1,1,36,3,4,22,22,position
CD,Story17,3,CD_Story17_s3_k58,1,1,58,6,7,25,25,position
CD,Story18,3,CD_Story18_s3_k33,1,1,33,5,6,15,15,position
CD,Story18,5,CD_Story18_s5_k58,1,1,58,9,10,14,14,position
CD,Story18,6,CD_Story18_s6_k89,1,1,89,6,7,28,28,position
CD,Story19,1,CD_Story19_s1_k23,1,1,23,4,5,27,27,position
CD,Story19,2,CD_Story19_s2_k68,2,2,68,4,5,45,45,position
CD,Story20,3,CD_Story20_s3_k35,1,1,35,3,4,18,18,position
CD,Story20,5,CD_Story20_s5_k77,1,1,77,6,7,31,31,position
CD,Story21,2,CD_Story21_s2_k31,2,1,31,2,3,17,17,position
CD,Story21,3,CD_Story21_s3_k47,1,1,47,10,11,24,24,position
RD,Story1,2,RD_Story1_s2_k32,1,1,32,2,3,14,14,position
RD,Story1,3,RD_Story1_s3_k36,1,1,36,11,11,13,13,position
RD,Story1,5,RD_Story1_s5_k73,1,1,73,1,2,15,15,position
RD,Story1,6,RD_Story1_s6_k80,1,1,80,2,3,8,8,position
RD,Story1,7,RD_Story1_s7_k87,1,1,87,16,11,21,21,position
RD,Story2,2,RD_Story2_s2_k28,1,1,28,11,11,19,19,position
RD,Story2,3,RD_Story2_s3_k41,1,1,41,15,11,17,17,position
RD,Story2,4,RD_Story2_s4_k65,1,1,65,8,9,17,17,position
RD,Story2,5,RD_Story2_s5_k84,1,1,84,7,8,18,18,position
RD,Story3,2,RD_Story3_s2_k23,1,1,23,16,11,27,27,position
RD,Story3,3,RD_Story3_s3_k62,1,1,62,0,1,23,23,position
RD,Story3,4,RD_Story3_s4_k67,1,1,67,18,11,23,23,position
RD,Story3,5,RD_Story3_s5_k101,1,1,101,1,2,17,17,position
RD,Story3,6,RD_Story3_s6_k115,1,1,115,6,7,19,19,position
RD,Story4,1,RD_Story4_s1_k26,1,1,26,0,1,26,26,position
RD,Story4,2,RD_Story4_s2_k39,1,1,39,14,11,27,27,position
RD,Story4,3,RD_Story4_s3_k63,1,1,63,2,3,12,12,position
RD,Story4,4,RD_Story4_s4_k71,1,1,71,15,11,21,21,position
RD,Story5,2,RD_Story5_s2_k34,1,1,34,1,2,13,13,position
RD,Story5,3,RD_Story5_s3_k44,1,1,44,11,11,20,20,position
RD,Story5,4,RD_Story5_s4_k57,1,1,57,14,11,16,16,position
RD,Story5,5,RD_Story5_s5_k74,1,1,74,9,10,12,12,position
RD,Story6,2,RD_Story6_s2_k25,1,1,25,5,6,18,18,position
RD,Story6,3,RD_Story6_s3_k55,2,2,55,10,11,35,35,position
RD,Story7,3,RD_Story7_s3_k55,3,3,55,16,11,41,41,position
RD,Story7,4,RD_Story7_s4_k88,1,1,88,7,8,24,24,position
RD,Story8,2,RD_Story8_s2_k15,1,1,15,10,11,12,12,position
RD,Story8,3,RD_Story8_s3_k50,1,1,50,13,11,38,38,position
RD,Story8,4,RD_Story8_s4_k73,1,1,73,6,7,16,16,position
RD,Story8,5,RD_Story8_s5_k89,1,1,89,2,3,12,12,position
RD,Story8,6,RD_Story8_s6_k94,1,1,94,20,11,23,23,position
RD,Story9,3,RD_Story9_s3_k34,1,1,34,7,8,11,11,position
RD,Story9,5,RD_Story9_s5_k53,1,1,53,13,11,17,17,position
RD,Story9,6,RD_Story9_s6_k70,1,1,70,3,4,7,7,position
RD,Story9,7,RD_Story9_s7_k95,2,2,95,1,2,23,23,position
RD,Story10,2,RD_Story10_s2_k32,2,2,32,1,2,11,11,position
RD,Story10,3,RD_Story10_s3_k64,1,1,64,5,6,36,36,position
RD,Story10,5,RD_Story10_s5_k87,1,1,87,16,11,20,20,position
RD,Story11,3,RD_Story11_s3_k43,2,2,43,2,3,21,21,position
RD,Story11,4,RD_Story11_s4_k53,1,1,53,14,11,22,22,position
RD,Story11,5,RD_Story11_s5_k68,1,1,68,11,11,12,12,position
RD,Story11,8,RD_Story11_s8_k111,1,1,111,3,4,9,9,position
RD,Story12,2,RD_Story12_s2_k21,1,1,21,14,11,24,24,position
RD,Story12,3,RD_Story12_s3_k47,1,1,47,7,8,19,19,position
RD,Story12,4,RD_Story12_s4_k70,1,1,70,3,4,19,19,position
RD,Story13,2,RD_Story13_s2_k39,2,2,39,17,11,39,39,position
RD,Story13,4,RD_Story13_s4_k80,1,1,80,15,11,29,29,position
RD,Story13,5,RD_Story13_s5_k98,1,1,98,4,5,7,7,position
RD,Story14,2,RD_Story14_s2_k38,2,2,38,19,11,31,31,position
RD,Story14,3,RD_Story14_s3_k60,1,1,60,5,6,8,8,position
RD,Story14,4,RD_Story14_s4_k82,1,1,82,0,1,17,17,position
RD,Story14,6,RD_Story14_s6_k109,1,1,109,7,8,14,14,position
RD,Story15,2,RD_Story15_s2_k24,1,1,24,12,11,18,18,position
RD,Story15,3,RD_Story15_s3_k56,2,2,56,6,7,26,26,position
RD,Story16,2,RD_Story16_s2_k22,1,1,22,16,11,20,20,position
RD,Story16,3,RD_Story16_s3_k39,1,1,39,18,11,19,19,position
RD,Story16,4,RD_Story16_s4_k88,2,2,88,1,2,32,32,position
RD,Story17,2,RD_Story17_s2_k34,1,1,34,5,6,22,22,position
RD,Story17,3,RD_Story17_s3_k43,1,1,43,21,11,25,25,position
RD,Story17,4,RD_Story17_s4_k73,1,1,73,11,11,20,20,position
RD,Story18,3,RD_Story18_s3_k26,1,1,26,12,11,15,15,position
RD,Story18,4,RD_Story18_s4_k44,1,1,44,9,10,15,15,position
RD,Story18,5,RD_Story18_s5_k57,1,1,57,10,11,14,14,position
RD,Story18,6,RD_Story18_s6_k90,1,1,90,5,6,28,28,position
RD,Story19,2,RD_Story19_s2_k72,2,2,72,0,1,45,45,position
RD,Story19,3,RD_Story19_s3_k86,2,2,86,7,8,21,21,position
RD,Story19,4,RD_Story19_s4_k98,1,1,98,9,10,14,14,position
RD,Story20,3,RD_Story20_s3_k34,2,2,34,4,5,18,18,position
RD,Story20,4,RD_Story20_s4_k51,1,1,51,1,2,14,14,position
RD,Story20,5,RD_Story20_s5_k59,1,1,59,24,11,31,31,position
RD,Story21,2,RD_Story21_s2_k22,1,1,22,11,11,17,17,position
RD,Story21,3,RD_Story21_s3_k42,1,1,42,15,11,24,24,position
RD,Story21,4,RD_Story21_s4_k62,1,1,62,12,11,17,17,position
