Story,Story_Version,MeanZipfFrequency,MedianZipfFrequency,MeanWordLength,WordCount,OOVRate,MeanNLL,Perplexity,ModelTokenCount
Story1,Original,5.430192307692308,5.279999999999999,4.355769230769231,104,0.019230769230769232,1.8745286464691162,6.517746233478417,134
Story1,CD,5.423076923076923,5.165,4.375,104,0.019230769230769232,2.2191693782806396,9.199686232226611,134
Story1,RD,5.398461538461538,5.279999999999999,4.365384615384615,104,0.019230769230769232,2.2194578647613525,9.202340600187636,134
Story10,Original,5.73368932038835,6.3,3.970873786407767,103,0.0,2.26039457321167,9.586871143118838,127
Story10,CD,5.7473786407767005,6.3,3.9805825242718447,103,0.0,2.6106185913085938,13.607465708903385,127
Story10,RD,5.706213592233011,6.11,4.019417475728155,103,0.0,2.633925199508667,13.928334234822135,127
Story11,Original,5.856578947368421,5.95,4.087719298245614,114,0.0,2.489490509033203,12.055132574386814,136
Story11,CD,5.856754385964913,5.95,4.0964912280701755,114,0.0,2.7597060203552246,15.795198798719124,136
Story11,RD,5.834824561403509,5.885,4.105263157894737,114,0.0,2.704428195953369,14.94576819599261,136
Story12,Original,5.9195890410958905,6.06,3.684931506849315,73,0.0,1.9355770349502563,6.92804062376427,88
Story12,CD,5.892191780821918,6.06,3.7260273972602738,73,0.0,2.2767980098724365,9.745425640811602,88
Story12,RD,5.925890410958904,6.06,3.643835616438356,73,0.0,2.3238232135772705,10.21465254582731,88
Story13,Original,5.885196078431372,6.04,4.03921568627451,102,0.0,1.587409496307373,4.891062188238351,128
Story13,CD,5.90049019607843,6.04,4.0,102,0.0,1.989534616470337,7.312130025468858,128
Story13,RD,5.875098039215686,6.04,4.0588235294117645,102,0.0,1.8981637954711914,6.673629036967828,128
Story14,Original,5.976206896551723,6.095000000000001,3.8620689655172415,116,0.0,1.9695066213607788,7.167139502346916,140
Story14,CD,5.986293103448276,6.095000000000001,3.8620689655172415,116,0.0,2.271366834640503,9.692640000232794,140
Story14,RD,5.962413793103448,6.01,3.9310344827586206,116,0.0,2.2668519020080566,9.648977025467047,140
Story15,Original,5.743709677419356,5.835,4.354838709677419,62,0.0,2.442289113998413,11.499333923526118,71
Story15,CD,5.733870967741937,5.835,4.403225806451613,62,0.0,2.8392982482910156,17.103758732820072,71
Story15,RD,5.689193548387097,5.835,4.370967741935484,62,0.0,3.0114266872406006,20.31636435653858,71
Story16,Original,5.92808988764045,6.12,4.213483146067416,89,0.0,1.8089807033538818,6.104222246850925,103
Story16,CD,5.926966292134831,6.12,4.247191011235955,89,0.0,2.1291868686676025,8.408027200705543,102
Story16,RD,5.917640449438202,6.12,4.258426966292135,89,0.0,2.1884028911590576,8.92095399655035,103
Story17,Original,5.840714285714286,6.17,4.2023809523809526,84,0.0,2.350069284439087,10.486296236712155,101
Story17,CD,5.818571428571429,6.17,4.2023809523809526,84,0.0,2.627734422683716,13.84237338279874,101
Story17,RD,5.85702380952381,6.215,4.119047619047619,84,0.0,2.657562494277954,14.261484247939526,101
Story18,Original,5.808842105263156,6.19,4.042105263157895,95,0.0,2.184527635574341,8.886449918994547,116
Story18,CD,5.837789473684208,6.19,4.08421052631579,95,0.0,2.4997706413269043,12.179700120461643,116
Story18,RD,5.776947368421052,6.19,4.094736842105263,95,0.0,2.6670689582824707,14.397707007069885,116
Story19,Original,5.954299065420559,6.03,4.065420560747664,107,0.0,2.779395818710327,16.109285078574146,129
Story19,CD,5.965514018691588,6.03,4.074766355140187,107,0.0,2.9820196628570557,19.727619577498967,129
Story19,RD,5.945981308411213,5.96,4.08411214953271,107,0.0,3.084733724594116,21.861644848627467,129
Story2,Original,6.0015841584158425,6.19,4.089108910891089,101,0.0,2.1684296131134033,8.744540940150978,124
Story2,CD,6.0166336633663375,6.19,4.079207920792079,101,0.0,2.5335843563079834,12.598583113288312,122
Story2,RD,5.966435643564356,6.16,4.138613861386139,101,0.0,2.395371437072754,10.972272811171015,124
Story20,Original,5.864337349397591,6.27,4.048192771084337,83,0.0,2.5767130851745605,13.153831502224914,105
Story20,CD,5.906867469879518,6.29,4.0,83,0.0,2.7915127277374268,16.30566718972974,105
Story20,RD,5.8346987951807225,6.27,4.036144578313253,83,0.0,2.9054417610168457,18.273314307337074,105
Story21,Original,5.792432432432433,6.0,4.027027027027027,74,0.0,2.357884407043457,10.568568994571184,87
Story21,CD,5.787432432432433,6.0,4.108108108108108,74,0.0,2.76212215423584,15.833408254680364,87
Story21,RD,5.749729729729731,6.0,4.04054054054054,74,0.0,2.7017033100128174,14.905098118190825,87
Story3,Original,5.818429752066115,5.93,4.462809917355372,121,0.0,1.9276479482650757,6.873324799025612,144
Story3,CD,5.823140495867769,5.93,4.471074380165289,121,0.0,2.19657301902771,8.994137885185607,144
Story3,RD,5.802066115702479,5.92,4.487603305785124,121,0.0,2.2347705364227295,9.34433742107976,144
Story4,Original,5.83367816091954,5.86,4.333333333333333,87,0.0,2.2980895042419434,9.955145012811355,104
Story4,CD,5.846590909090909,5.875,4.193181818181818,88,0.0,2.5803580284118652,13.201863956009026,105
Story4,RD,5.815632183908045,5.86,4.32183908045977,87,0.0,2.6396234035491943,14.0079272785763,104
Story5,Original,5.804457831325301,6.11,4.204819277108434,83,0.0,2.154757022857666,8.625794053534293,104
Story5,CD,5.808690476190477,6.11,4.261904761904762,84,0.0,2.562130928039551,12.963412002078961,105
Story5,RD,5.77433734939759,6.11,4.204819277108434,83,0.0,2.7431299686431885,15.535534813980338,104
Story6,Original,5.608461538461539,5.82,4.338461538461538,65,0.0,2.6331169605255127,13.917081360241681,77
Story6,CD,5.6061538461538465,5.82,4.384615384615385,65,0.0,2.9141616821289062,18.433352914497263,77
Story6,RD,5.614615384615385,5.82,4.292307692307692,65,0.0,3.001662015914917,20.11894716169697,77
Story7,Original,5.866770833333334,5.87,3.9270833333333335,96,0.0,2.3868114948272705,10.878751628610832,117
Story7,CD,5.852395833333335,5.82,3.9375,96,0.0,2.724682569503784,15.251571844368863,117
Story7,RD,5.848958333333333,5.87,3.90625,96,0.0,2.754739284515381,15.716942718259205,117
Story8,Original,5.821140350877192,6.075,4.315789473684211,114,0.0,2.1998867988586426,9.023991915428548,148
Story8,CD,5.786228070175438,6.075,4.298245614035087,114,0.0,2.528982400894165,12.540738197471994,150
Story8,RD,5.799122807017544,6.075,4.333333333333333,114,0.0,2.6651079654693604,14.369500872156552,148
Story9,Original,5.71,5.82,4.621848739495798,119,0.0,1.9904781579971313,7.319032579708397,147
Story9,CD,5.709999999999999,5.82,4.621848739495798,119,0.0,2.365877866744995,10.653386967835141,147
Story9,RD,5.677563025210084,5.82,4.638655462184874,119,0.0,2.489675998687744,12.057368884163235,147
