Word,FreqH,Length
An,8.204499011300468,2
ant,17.075578872015694,3
went,11.627787821147072,4
to,5.216250016992825,2
the,4.218934101564037,3
riverbank,20.6952290301558,9
quench,20.297440011799132,6
its,9.501116017658642,3
thirst,17.8039352895983,6
but,7.871548214816321,3
was,7.24113401292912,3
swept,16.808895850500033,5
away,11.227664995879511,4
by,7.773590119378742,2
rushing,16.776143137576977,7
"current,",12.392409758216143,7
nearly,13.287712379549449,6
drowning.,17.37330093526844,8
A,5.448508591452505,1
"dove,",17.705060039515494,4
perched,19.13248126325017,7
on,6.942528932361784,2
a,5.448508591452505,1
tree,13.785891114128539,4
hanging,14.949715916034434,7
over,9.702749878828293,4
"water,",11.560881162516957,5
noticed,14.515404404591045,7
an,8.204499011300468,2
ant's,23.1159931404616,5
struggle.,14.549593090766873,8
Plucking,20.397506966903055,8
another,10.828280760912152,7
"leaf,",15.878457232864612,4
dove,17.705060039515494,4
dropped,14.184718386226123,7
it,6.81035885291489,2
into,9.598413219013558,4
stream,14.549593090766873,6
near,12.324238255574564,4
ant.,17.075578872015694,3
The,4.218934101564037,3
climbed,17.1078192090159,7
onto,14.051372840381076,4
leaf,15.878457232864612,4
and,5.282087830355572,3
floated,18.569800209905022,7
safely,15.878457232864612,6
back,9.828280760912152,4
shore.,15.51202967781039,5
Not,7.673002535434241,3
long,10.59617821463025,4
"after,",9.598413219013558,5
birdcatcher,29.897352853986263,11
approached,16.0735875741966,10
"tree,",13.785891114128539,4
setting,14.051372840381076,7
up,8.673002535434241,2
lime-twigs,18.30330475587807,9
trap,15.51202967781039,4
dove.,17.705060039515494,4
Seeing,13.150208855799514,6
"this,",7.24113401292912,4
stung,18.99799593106315,5
birdcatcher’s,29.897352853986263,13
foot.,13.720166931905702,4
Startled,18.902999417127404,8
in,5.748553568441418,2
"pain,",13.190101582923027,4
"twigs,",19.531030639740447,5
making,11.492776716745913,6
noise,14.781821449819493,5
that,6.6152870375779536,4
alerted,18.868065627018016,7
who,8.834853414835639,3
quickly,13.287712379549449,7
flew,16.0735875741966,4
safety.,13.387763393359778,6
man,10.563062107816481,3
wanted,12.09236478122723,6
buy,12.22420943724329,3
donkey,17.871521185654235,6
arranged,15.58107132224004,8
with,7.142034924353815,4
owner,13.852617227929352,5
test,12.655444164049937,4
animal,13.918106309517611,6
before,10.19855324763821,6
purchase.,14.250681648604482,8
He,7.673002535434241,2
brought,12.75165947930924,7
home,10.59617821463025,4
placed,13.785891114128539,6
them,9.333516069162574,4
stable,15.015091924886457,6
his,8.269790471552188,3
other,9.429731384421878,5
"donkeys,",19.729934708154524,7
so,8.238953067629595,2
could,9.764150423492437,5
rest.,12.522177633186471,4
"Immediately,",13.354139741288426,11
new,9.133907043470414,3
left,11.227664995879511,4
group,11.392409758216143,5
joined,14.184718386226123,6
laziest,21.658948114661182,7
greediest,24.680122137765593,9
one,8.405069330187608,3
of,5.316168825598678,2
all.,8.238953067629595,3
put,11.095518214266104,3
halter,20.52884639247857,6
took,11.59171856643955,4
owner.,13.852617227929352,5
When,8.739275754853407,4
asked,12.287712379549449,5
how,9.166696978588083,3
he,7.673002535434241,2
judge,13.454215042689615,5
"quickly,",13.287712379549449,7
she,9.101845834238116,3
"replied,",15.676067836175788,7
"""I",6.34519787421021,1
don’t,9.305859726259708,5
need,10.065835298472415,4
any,9.739275754853407,3
more,8.770436686339869,4
time.,9.002310160687202,4
donkey’s,23.183107336320138,8
character,12.92034131390092,9
is,6.417347659966045,2
clear,12.455835138357777,5
from,7.871548214816321,4
company,11.294943948780524,7
"keeps.""",14.383131944628133,5
traveler,18.036265947990866,8
hired,15.247872115017659,5
take,10.231128851183081,4
him,9.598413219013558,3
distant,15.977372258937299,7
location.,13.753650777128332,8
On,6.942528932361784,2
particularly,13.420606650046794,12
hot,12.75165947930924,3
"day,",10.132286947802251,3
sun,13.387763393359778,3
blazing,18.33702001977382,7
"down,",10.363612493908708,4
decided,12.989054063984934,7
break,12.693163829999095,5
sought,14.982033636307161,6
shelter,15.777763233245139,7
heat,13.753650777128332,4
under,10.862790291338762,5
donkey's,23.183107336320138,8
shadow.,15.150208855799514,6
"However,",11.361712960993227,7
shadow,15.150208855799514,6
only,9.565246355078358,4
provided,13.21732305165805,8
enough,11.492776716745913,6
light,12.190101582923027,5
for,6.6152870375779536,3
"person,",11.45989335493213,6
both,10.662441890174756,4
claimed,14.482007194710938,7
right,10.098678555159433,5
it.,6.81035885291489,2
argued,15.414292876114592,6
had,8.868173488035664,3
lent,17.440998438877973,4
"donkey,",17.871521185654235,6
not,7.673002535434241,3
"answer,",12.722115203695225,6
speaking,13.586385122136509,8
tone,14.982033636307161,4
suggested,14.349614818475356,9
entirely,14.21732305165805,8
serious.,12.954288645824258,7
In,5.748553568441418,2
"response,",13.190101582923027,8
insisted,16.408006613267162,8
when,8.739275754853407,4
also,9.333516069162574,4
disagreement,17.73937440404083,12
escalated,18.472136950686878,9
physical,13.486967755612671,8
"fight,",12.522177633186471,5
amid,16.776143137576977,4
"rumors,",16.581071322240042,6
off,10.19855324763821,3
ran,13.720166931905702,3
away.,11.227664995879511,4
envied,20.82857457600085,6
horse,14.086078518379798,5
being,10.132286947802251,5
well-fed,12.390910074681287,7
cared,16.24226940878828,5
"for,",6.6152870375779536,3
while,10.431722682240968,5
barely,14.982033636307161,6
eat,12.854752972273344,3
work,10.098678555159433,4
hard,11.52642710618783,4
war,11.761643567881862,3
broke,13.785891114128539,5
"out,",8.702749878828293,3
soldier,15.083571662769224,7
armed,14.649870319225345,5
teeth,14.683641055880589,5
mounted,15.74570202401284,7
charged,14.549593090766873,7
straight,13.150208855799514,8
heart,12.259143227352679,5
"battle,",13.486967755612671,6
stayed,14.848355201075192,6
behind.,12.324238255574564,6
gravely,19.632910253759658,7
wounded,15.546137532130654,7
fell,13.785891114128539,4
dead,12.655444164049937,4
"battlefield,",16.842409437412936,11
tragically.,19.0676301189002,10
changed,13.06120384974077,7
mind,11.925944020130295,4
felt,12.854752972273344,4
pity,16.676067836175786,4
"horse,",14.086078518379798,5
realizing,16.70969148824714,9
cost,12.488625073475445,4
such,10.496940341687448,4
privileged,17.240034404404973,10
life.,10.331655727137047,4
once,11.52642710618783,4
carried,14.051372840381076,7
famous,13.818868436574812,6
wooden,15.51202967781039,6
statue,16.310982158872296,6
through,10.39823883701834,7
streets,14.417446309153467,7
city,11.262683585057927,4
be,7.340513795287394,2
temples.,17.60675796590369,7
As,7.407516650606351,2
passed,13.553056946070445,6
"by,",7.773590119378742,2
crowd,14.284829871016328,5
bowed,18.83395777269775,5
low,12.190101582923027,3
reverence,19.200385327751974,9
statue.,16.310982158872296,6
thinking,12.488625073475445,8
they,8.305859726259708,4
were,8.834853414835639,4
showing,13.68554058879607,7
respect,13.190101582923027,7
"him,",9.598413219013558,3
became,12.79201721692538,6
"proud,",14.017482472311452,5
puffed,20.264357656843302,6
himself,12.455835138357777,7
"up,",8.673002535434241,2
refused,14.814704811633275,7
move,12.12421364726657,4
further.,12.259143227352679,7
"stop,",11.560881162516957,4
driver,14.119070343990611,6
struck,15.214577674919234,6
whip,16.581071322240042,4
"said,",9.937215132465315,4
"""You",6.710283551513701,3
foolish,16.97551191691177,7
animal!,13.918106309517611,6
It’s,8.868173488035664,4
you,6.710283551513701,3
are,7.50635266602479,3
bowing,19.435873406700104,6
to;,5.216250016992825,2
no,8.802285552379209,2
worships,20.429747303903262,8
donkey.,17.871521185654235,6
bald,17.174545322816716,4
knight,15.676067836175788,6
wore,15.646166350461925,4
wig,17.8039352895983,3
out,8.702749878828293,3
hunting,15.214577674919234,7
day.,10.132286947802251,3
"Suddenly,",14.316858725208967,8
gust,19.598144835598983,4
wind,13.818868436574812,4
blew,16.20910254485308,4
hat,14.848355201075192,3
"wig,",17.8039352895983,3
causing,14.848355201075192,7
companions,17.30629807994948,10
burst,16.113945311812742,5
laughter.,16.27621674071162,8
Stopping,15.646166350461925,8
laughed,15.810553168362809,7
along,12.024677973715656,5
"""Isn't",11.925944020130295,5
funny,13.21732305165805,5
these,9.828280760912152,5
"hairs,",17.37330093526844,5
which,8.965784284662087,5
aren't,13.12421364726657,6
even,9.99935381735579,4
"mine,",13.150208855799514,4
would,9.07048166332878,5
leave,12.156781509723,5
me,8.371235735111732,2
already,11.45989335493213,7
abandoned,15.281953110260764,9
whose,13.06120384974077,5
head,11.59171856643955,4
originally,14.316858725208967,10
belonged,16.581071322240042,8
"to?""",5.216250016992825,2
fly,14.119070343990611,3
landed,15.810553168362809,6
bit,12.06120384974077,3
him.,9.598413219013558,3
"Annoyed,",16.776143137576977,7
tried,12.75165947930924,5
kill,12.989054063984934,4
feather,17.63878682009633,7
ended,13.553056946070445,5
hitting,15.083571662769224,7
instead.,12.488625073475445,7
"fly,",14.119070343990611,3
having,11.327942224337981,6
"escaped,",16.01509192488646,7
mocked,18.503962396542274,6
"saying,",12.06120384974077,6
notes,13.818868436574812,5
tiny,14.549593090766873,4
insect,17.408006613267162,6
like,8.604015925242933,4
"me,",8.371235735111732,2
look—you’ve,11.725465593451798,10
hurt,13.486967755612671,4
yourself,12.259143227352679,8
"instead!""",12.488625073475445,7
can,8.4397154729945,3
forgive,15.777763233245139,7
myself,12.259143227352679,6
because,9.868173488035664,7
I,6.34519787421021,1
know,9.632360550936895,4
didn’t,11.027686723587994,6
mean,11.52642710618783,4
cause,12.12421364726657,5
harm.,15.048925519962333,4
But,7.871548214816321,3
"you,",6.710283551513701,3
nasty,15.878457232864612,5
little,10.797142249103247,6
enjoys,16.842409437412936,6
biting,17.37330093526844,6
"dreams,",14.649870319225345,6
wish,12.693163829999095,4
have,7.606825458829758,4
killed,12.556529137977249,6
if,8.405069330187608,2
"pain.""",13.190101582923027,4
great,10.363612493908708,5
conflict,14.482007194710938,8
about,8.63809692048604,5
arise,16.842409437412936,5
between,10.729444745493714,7
Birds,14.616872043667888,5
Beasts.,17.60675796590369,6
some,9.305859726259708,4
armies,16.94242956195594,6
"gathered,",15.714337853103505,8
Bat,15.609640474436812,3
couldn’t,12.989054063984934,8
decide,14.017482472311452,6
side,11.627787821147072,4
join.,13.287712379549449,4
passing,14.515404404591045,7
invited,14.848355201075192,7
him:,9.598413219013558,3
“Join,13.287712379549449,4
"us,”",9.828280760912152,2
“I,6.34519787421021,1
am,10.69555437742409,2
Beast.”,15.646166350461925,5
"Later,",11.6601055414198,5
Beasts,17.60675796590369,6
urged,16.581071322240042,5
join,13.287712379549449,4
"them,",9.333516069162574,4
"claimed,",14.482007194710938,7
Bird.”,14.515404404591045,4
"Fortunately,",16.70969148824714,11
peace,13.21732305165805,5
"declared,",14.781821449819493,8
battle,13.486967755612671,6
occurred.,14.714337853103505,8
celebrate,14.982033636307161,9
"Birds,",14.616872043667888,5
rejected,15.383131944628133,8
forcing,15.913646661326911,7
leave.,12.156781509723,5
"Beasts,",17.60675796590369,6
turned,12.989054063984934,6
"hostile,",16.383131944628133,7
escaped.,16.01509192488646,7
Reflecting,16.842409437412936,10
"situation,",12.989054063984934,9
“Now,9.371235735111732,3
understand:,12.06120384974077,10
‘One,8.405069330187608,3
tries,14.848355201075192,5
belong,15.346606068603018,6
neither,14.051372840381076,7
ends,14.119070343990611,4
friends.’”,11.86010620676755,7
Two,9.632360550936895,3
men,11.59171856643955,3
traveling,15.714337853103505,9
together,11.761643567881862,8
Bear,14.250681648604482,4
suddenly,14.316858725208967,8
appeared,13.852617227929352,8
their,8.868173488035664,5
path.,14.250681648604482,4
One,8.405069330187608,3
hid,17.30629807994948,3
among,12.259143227352679,5
"whispers,",18.036265947990866,8
leaving,13.354139741288426,7
"other,",9.429731384421878,5
"escape,",14.482007194710938,6
lay,14.482007194710938,3
flat,14.21732305165805,4
ground.,12.79201721692538,6
"approached,",16.0735875741966,10
sniffed,20.429747303903262,7
thoroughly.,16.310982158872296,10
Holding,13.653583822024409,7
"future,",12.190101582923027,6
pretended,18.036265947990866,9
"dead,",12.655444164049937,4
knowing,14.086078518379798,7
bears,15.478709604610364,5
said,9.937215132465315,4
avoid,13.720166931905702,5
corpses.,18.271644010921797,7
After,9.598413219013558,5
inspecting,19.395515669083963,10
wandered,18.405499757656585,8
off.,10.19855324763821,3
danger,14.649870319225345,6
"passed,",13.553056946070445,6
came,11.627787821147072,4
down,10.363612493908708,4
jokingly,19.33702001977382,8
"asked,",12.287712379549449,5
“What,8.702749878828293,4
did,10.098678555159433,3
whisper,17.472136950686878,7
your,8.204499011300468,4
ear?”.,15.182034301654912,3
His,8.269790471552188,3
companion,16.176681067160704,9
“He,7.673002535434241,2
gave,12.455835138357777,4
wise,14.913646661326911,4
advice:,13.68554058879607,6
never,10.264457027249147,5
travel,13.287712379549449,6
someone,11.193476309703684,7
abandons,20.06446283982152,8
times,11.427742831328423,5
"prayer,",15.214577674919234,6
especially,12.59171856643955,10
without,10.994930630321603,7
hesitation.”,18.103749544706854,10
"Bee,",16.310982158872296,3
queen,13.753650777128332,5
her,8.965784284662087,3
hive,18.271644010921797,4
Mount,15.048925519962333,5
"Hymettus,",26.20805369345037,8
Olympus,19.0996913281325,7
offer,13.12421364726657,5
Jupiter,17.671542913362718,7
fresh,13.852617227929352,5
honey,15.383131944628133,5
combs.,19.36597139346995,5
Pleased,15.150208855799514,7
"gift,",14.017482472311452,4
promised,14.982033636307161,8
grant,14.383131944628133,5
wish.,12.693163829999095,4
Bee,16.310982158872296,3
“Grant,14.383131944628133,5
sting,17.27392856411635,5
mortal,17.075578872015694,6
my,8.07048166332878,2
"honey,",15.383131944628133,5
protect,13.553056946070445,7
hive.”,18.271644010921797,4
"Jupiter,",17.671542913362718,7
loving,15.048925519962333,6
"mankind,",17.00746868368343,7
displeased,20.031619583134503,10
request,14.086078518379798,7
honored,16.27621674071162,7
promise.,14.250681648604482,7
“You,6.710283551513701,3
shall,13.190101582923027,5
"sting,",17.27392856411635,5
will,8.470089122038019,4
come,10.69555437742409,4
at,7.640973681241603,2
cost.,12.488625073475445,4
If,8.405069330187608,2
use,10.59617821463025,3
"it,",6.81035885291489,2
remain,13.852617227929352,6
wound,15.810553168362809,5
"inflict,",18.800637699497724,7
die,13.06120384974077,3
it.”,6.81035885291489,2
rich,13.586385122136509,4
hosted,15.777763233245139,6
feast,16.776143137576977,5
many,10.264457027249147,4
guests.,15.214577674919234,6
dog,12.954288645824258,3
"stray,",17.472136950686878,5
saying,12.06120384974077,6
there,8.937215132465315,5
plenty,14.21732305165805,6
food,11.960025015373402,4
over.,9.702749878828293,4
stray,17.472136950686878,5
"arrived,",13.984369985062118,7
delighted,16.310982158872296,9
sight,14.814704811633275,5
"feast,",16.776143137576977,5
thought,11.327942224337981,7
he'd,14.714337853103505,4
last,10.431722682240968,4
days.,11.262683585057927,4
as,7.407516650606351,2
moved,13.259143227352679,5
around,10.729444745493714,6
"dishes,",16.176681067160704,6
cook,14.44936564302822,4
threw,15.083571662769224,5
"window,",13.952000469228988,6
hesitation.,18.103749544706854,10
Another,10.828280760912152,7
"ground,",12.79201721692538,6
limped,21.260728233442613,6
"away,",11.227664995879511,4
howled,21.658948114661182,6
pain.,13.190101582923027,4
Other,9.429731384421878,5
street,12.354139741288426,6
dogs,14.051372840381076,4
soon,12.22420943724329,4
gathered,15.714337853103505,8
meal.,15.015091924886457,4
"""To",5.216250016992825,2
"honest,",14.184718386226123,6
drank,16.776143137576977,5
much,9.965784284662087,4
wine,14.150208855799514,4
remember,12.024677973715656,8
anything.,11.45989335493213,8
"outside.""",12.455835138357777,7
boy,12.722115203695225,3
hand,11.925944020130295,4
jar,16.842409437412936,3
full,11.492776716745913,4
hazelnuts.,21.69278170973706,9
grabbed,16.383131944628133,7
"could,",9.764150423492437,5
pull,13.884990202703845,4
narrow,15.316858725208967,6
neck,14.515404404591045,4
curtain,17.075578872015694,7
trapped,15.977372258937299,7
Unwilling,17.60675796590369,9
let,11.294943948780524,3
go,9.868173488035664,2
nuts,15.609640474436812,4
yet,11.492776716745913,3
unable,14.58461167994529,6
free,11.193476309703684,4
"paw,",18.33702001977382,3
started,11.994930630321603,7
cry,14.649870319225345,3
frustration.,16.70969148824714,11
bystander,19.861179241432776,9
saw,12.156781509723,3
this,7.24113401292912,4
"""Take",10.231128851183081,4
"half,",11.925944020130295,4
you'll,12.556529137977249,6
able,11.86010620676755,4
"easily.""",13.586385122136509,6
old,10.797142249103247,3
"man,",10.563062107816481,3
"death,",11.960025015373402,5
sons,14.949715916034434,4
give,10.92875355371712,4
final,12.354139741288426,5
advice.,13.68554058879607,6
servants,16.51202967781039,8
bring,12.392409758216143,5
bundle,16.842409437412936,6
sticks,16.144972207433366,6
handed,15.214577674919234,6
eldest,17.63878682009633,6
"son,",12.354139741288426,3
"""Break",12.693163829999095,5
"it.""",6.81035885291489,2
son,12.354139741288426,3
struggled,16.581071322240042,9
all,8.238953067629595,3
strength,13.952000469228988,8
"bundle,",16.842409437412936,6
matter,12.024677973715656,6
tried.,12.75165947930924,5
"one,",8.405069330187608,3
"tried,",12.75165947930924,5
none,13.520481342525574,4
succeeded.,16.144972207433366,9
Then,9.739275754853407,4
father,12.423773929125478,6
"""Untie",21.557502851101635,5
stick,14.086078518379798,5
"each.""",10.994930630321603,4
Once,11.52642710618783,4
done,11.361712960993227,4
"so,",8.238953067629595,2
told,11.492776716745913,4
"""Now,",9.371235735111732,3
"them.""",9.333516069162574,4
This,7.24113401292912,4
"time,",9.002310160687202,4
each,10.994930630321603,4
snapped,17.240034404404973,7
easily.,13.586385122136509,6
see,9.632360550936895,3
"point,""",11.492776716745913,5
said.,9.937215132465315,4
singing,14.649870319225345,7
bird,14.515404404591045,4
kept,13.287712379549449,4
cage,16.176681067160704,4
outside,12.455835138357777,7
habit,15.810553168362809,5
night,11.262683585057927,5
birds,14.616872043667888,5
slept.,16.01509192488646,5
"night,",11.262683585057927,5
bat,15.609640474436812,3
hung,15.913646661326911,4
bars,15.113945311812742,4
"cage,",16.176681067160704,4
asking,13.420606650046794,6
why,10.19855324763821,3
silent,15.113945311812742,6
during,10.895394956770689,6
day,10.132286947802251,3
sang,16.27621674071162,4
genuine,15.383131944628133,7
curiosity.,16.70969148824714,9
good,9.565246355078358,4
"reason,""",12.22420943724329,6
replied.,15.676067836175788,7
"""Once,",11.52642710618783,4
hunter,15.383131944628133,6
heard,12.392409758216143,5
set,11.327942224337981,3
"nets,",17.240034404404973,4
caught,13.620501467068578,6
you.,6.710283551513701,3
Since,10.797142249103247,5
"then,",9.739275754853407,4
I've,10.895394956770689,4
sung,16.90831321702387,4
"night.""",11.262683585057927,5
"responded,",15.74570202401284,9
"""It’s",8.868173488035664,4
doing,11.294943948780524,5
now,9.371235735111732,3
you’re,10.39823883701834,6
trapped.,15.977372258937299,7
been,9.07048166332878,4
careful,14.649870319225345,7
"caught,",13.620501467068578,6
might,11.095518214266104,5
still,10.231128851183081,5
"free.""",11.193476309703684,4
humans,14.58461167994529,6
first,9.598413219013558,5
"camel,",17.8039352895983,5
frightened,17.472136950686878,10
massive,14.21732305165805,7
size,12.854752972273344,4
after,9.598413219013558,5
"while,",10.431722682240968,5
noticing,17.8039352895983,8
animal’s,20.164337532300298,8
calm,14.814704811633275,4
gentle,16.044043298582586,6
"nature,",13.354139741288426,6
gained,14.982033636307161,6
confidence,14.44936564302822,10
approach,13.520481342525574,8
Before,10.19855324763821,6
"long,",10.59617821463025,4
camel,17.8039352895983,5
lacked,17.27392856411635,6
real,11.294943948780524,4
"spirit,",13.984369985062118,6
bold,15.74570202401284,4
bridle,20.661338662086177,6
child,12.287712379549449,5
lead,12.627787821147072,4
"crow,",17.27392856411635,4
dying,14.515404404591045,5
"thirst,",17.8039352895983,6
pitcher,17.30629807994948,7
"and,",5.282087830355572,3
hoping,14.383131944628133,6
find,10.764150423492437,4
excitement.,15.977372258937299,10
sadly,16.01509192488646,5
discovered,14.150208855799514,10
contained,15.113945311812742,9
small,11.59171856643955,5
amount,12.854752972273344,6
reach.,13.486967755612671,5
They,8.305859726259708,4
everything,11.492776716745913,10
think,9.702749878828293,5
get,9.032211646401063,3
efforts,14.051372840381076,7
vain.,17.472136950686878,4
"Finally,",12.722115203695225,7
stones,15.58107132224004,6
carry,13.653583822024409,5
"beak,",18.931568569324174,4
raising,15.182034301654912,7
water,11.560881162516957,5
level,11.925944020130295,5
within,11.828280760912152,6
reach,13.486967755612671,5
saving,14.649870319225345,6
cat,14.017482472311452,3
rooster,18.902999417127404,7
reasonable,14.649870319225345,10
excuse,14.749670926215785,6
accused,15.083571662769224,7
nuisance,18.271644010921797,8
people,9.133907043470414,6
crowing,21.492211390849917,7
keeping,13.818868436574812,7
"blinking,",18.931568569324174,8
feigned,21.093221832802943,7
indignation.,19.66853416349038,11
defended,16.609640474436812,8
"himself,",12.455835138357777,7
actually,11.6601055414198,8
helped,13.68554058879607,6
waking,16.776143137576977,6
time,9.002310160687202,4
"past,",12.09236478122723,4
quiet,14.44936564302822,5
pride.,14.982033636307161,5
“No,8.802285552379209,2
excuses,16.776143137576977,7
"give,",10.92875355371712,4
I’m,9.470089122038019,3
going,10.16503966072531,5
miss,12.556529137977249,4
"meal,”",15.015091924886457,4
ate,15.478709604610364,3
house,10.92875355371712,5
overrun,18.736220971001956,7
mice.,16.310982158872296,4
catching,15.949715916034434,8
eating,13.785891114128539,6
one.,8.405069330187608,3
Fearing,17.97179841411271,7
"lives,",12.823044112546006,5
mice,16.310982158872296,4
mirrors,17.240034404404973,7
out.,8.702749878828293,3
Realizing,16.70969148824714,9
lure,17.705060039515494,4
trick.,15.015091924886457,5
She,9.101845834238116,3
"thought,",11.327942224337981,7
herself,14.017482472311452,7
dead.,12.655444164049937,4
cautiously,18.868065627018016,10
peeked,21.125863384485662,6
“Nice,12.06120384974077,4
"try,",11.627787821147072,3
"madam,",17.97179841411271,5
sack,16.90831321702387,4
"air,",12.06120384974077,3
we,8.170848621858552,2
wouldn’t,12.693163829999095,8
you.”,6.710283551513701,3
"charger,",17.8039352895983,7
feeling,12.854752972273344,7
effects,13.653583822024409,7
"age,",12.22420943724329,3
sent,12.75165947930924,4
mill,15.346606068603018,4
instead,12.488625073475445,7
fight,12.522177633186471,5
heavy,13.420606650046794,5
heart.,12.259143227352679,5
forced,13.852617227929352,6
grind,16.808895850500033,5
grain,16.01509192488646,5
serving,14.549593090766873,7
"wars,",14.649870319225345,4
lamented,19.531030639740447,8
change,11.492776716745913,6
fortune,15.609640474436812,7
remembered,15.51202967781039,10
"“Ah,",14.515404404591045,2
"Miller,",14.949715916034434,6
used,10.630072374341625,4
fully,13.653583822024409,5
equipped,15.676067836175788,8
armor,16.70969148824714,5
groom,17.837332499478407,5
care,11.427742831328423,4
"Now,",9.371235735111732,3
understand,12.06120384974077,10
ever,11.095518214266104,4
chose,14.781821449819493,5
battlefield.”,16.842409437412936,11
miller,14.949715916034434,6
“Stop,11.560881162516957,4
complaining,16.20910254485308,11
past.,12.09236478122723,4
fate,15.414292876114592,4
mortals,19.299300353824663,7
experience,12.392409758216143,10
ups,15.247872115017659,3
downs,16.842409437412936,5
fortune.”,15.609640474436812,7
strutting,20.894537838379208,9
farmyard,21.891728304792384,8
hens,19.0996913281325,4
something,10.59617821463025,9
shiny,17.00746868368343,5
straw.,16.643210007130513,5
"""Ho!",15.878457232864612,2
"ho!""",15.878457232864612,2
"""That’s",10.431722682240968,6
"me,""",8.371235735111732,2
dug,17.075578872015694,3
beneath,15.810553168362809,7
"sky,",14.21732305165805,3
What,8.702749878828293,4
found,11.027686723587994,5
pearl,16.144972207433366,5
somehow,14.848355201075192,7
lost,11.994930630321603,4
yard.,14.714337853103505,4
may,10.032211646401063,3
"treasure,""",16.044043298582586,8
"rooster,",18.902999417127404,7
"""to",5.216250016992825,2
those,10.298573372181217,5
value,12.79201721692538,5
rather,12.22420943724329,6
single,11.925944020130295,6
than,9.53282487738598,4
whole,11.761643567881862,5
pile,16.144972207433366,4
"pearls.""",18.13663290652064,6
eagle,16.176681067160704,5
sitting,13.753650777128332,7
high,10.797142249103247,4
"rock,",13.190101582923027,4
watching,13.21732305165805,8
hare,17.73937440404083,4
planned,14.316858725208967,7
catch.,13.720166931905702,5
hidden,14.848355201075192,6
archer,17.240034404404973,6
spotted,15.977372258937299,7
"eagle,",16.176681067160704,5
aimed,15.777763233245139,5
"carefully,",15.083571662769224,9
shot,12.556529137977249,4
"arrow,",16.176681067160704,5
mercy.,15.777763233245139,5
"dying,",14.515404404591045,5
looked,12.92034131390092,6
arrow,16.176681067160704,5
feathers,17.30629807994948,8
own,10.828280760912152,3
wings.,15.150208855799514,5
“It,6.81035885291489,2
hurts,15.609640474436812,5
"more,”",8.770436686339869,4
“to,5.216250016992825,2
made,10.231128851183081,4
feathers.”,17.30629807994948,8
"mountain,",14.184718386226123,8
spoon,17.00746868368343,5
drop,13.321281912243151,4
space,12.522177633186471,5
her.,8.965784284662087,3
"shadow,",15.150208855799514,6
"chaos,",15.714337853103505,5
"jar,",16.842409437412936,3
"plate,",14.781821449819493,5
Witnessing,18.235574756214273,10
"hand,",11.925944020130295,4
pocket,15.015091924886457,6
slap,16.70969148824714,4
revenge,15.676067836175788,7
"people,",9.133907043470414,6
"branches,",15.913646661326911,8
"breath,",14.882809257404318,6
"danger,",14.649870319225345,6
"word,",12.423773929125478,4
"hive.""",18.271644010921797,4
compliment,16.90831321702387,10
"work,",10.098678555159433,4
"eggs,",14.949715916034434,4
me.,8.371235735111732,2
"emotions,",15.383131944628133,8
"lips,",15.446141742153932,4
holes,15.446141742153932,5
"peg,",18.303961731194523,3
"grain,",16.01509192488646,5
"straw,",16.643210007130513,5
barley,18.303961731194523,6
"fingers,",14.949715916034434,7
pillow,16.742534744934158,6
lock,14.913646661326911,4
"sleeping,",14.749670926215785,8
success,13.086078518379798,7
"blanket,",16.383131944628133,7
reflection,16.044043298582586,10
expertise,16.408006613267162,9
memory,13.918106309517611,6
dreams,14.649870319225345,6
"wall,",13.150208855799514,4
"her,",8.965784284662087,3
"peace,",13.21732305165805,5
clouds,16.0735875741966,6
bridge,14.051372840381076,6
liter,18.405499757656585,5
"truth,",13.12421364726657,5
page,12.88717444996572,4
leakage,19.13248126325017,7
"sneeze,",19.299300353824663,6
